,address,channelTitle,videoTitle,o que ,quem,quando,onde,como,por que
0,https://www.youtube.com/watch?v=oGJtwY8nNno,Ciencia de Verdade,534 - Avaliando o Q.I. do Bill Gates!,Plandemia,Bill Gates; Jo√£o Doria; 99% dos cientistas,,Mundial,"vacina, coronav√≠rus",eugenia
1,https://www.youtube.com/watch?v=9c7dCNvePfw,Jaime Bruning,QUE VIAGEM INCR√çVEL ESTAMOS FAZENDO,Nova Ordem Mundial,pessoas m√°s/inimigos da na√ß√£o/esp√≠ritos infernais; pol√≠ticos que implementaram o isolamento; China; parte da imprensa,,Mundial,coronav√≠rus/v√≠rus estrangeiro,estabelecer um √∫nico governo global (Nova Ordem Mundial); eliminar a liberdade humana; vantagens pol√≠ticas e econ√¥micas; eliminar a ra√ßa humana; domina√ß√£o mundial; redu√ß√£o populacional (por n√£o permitir o uso da cloroquina)
2,https://www.youtube.com/watch?v=y0GLoDP54lA,P√°tria Evang√©lica de Deus,B.O.M.B.@- VEJAM QUAIS SERIAM OS PL@NOS DO SR. M@NDETT@ PARA O B.R.A.S.!.L- FIQUEM ATENTOS!,Nova Ordem Mundial,"Luiz Henrique Mandetta; Minist√©rio da Sa√∫de brasileiro, ma√ßonaria; China; G20",,Mundial,Projeto Genoma; testagem coronav√≠rus (DNA - banco de dados mundial da besta); vacina/marca; agenda internacional,perseguir grupos; implementar um sistema de sa√∫de internacional; implementar a Nova Ordem Mundial
3,https://www.youtube.com/watch?v=EoRAsJUaY_s,Cidad√£o-X,Camada de Oz√¥nio no seu Buraco,Big Pharma ,ind√∫stria farmac√™utica,,Mundial,fabrica√ß√£o/potencializa√ß√£o/modifica√ß√£o gen√©tica de doen√ßas,"vender tratamentos (""porque se vendesse a cura, diminuiria o lucro"") e lucrar"
4,https://www.youtube.com/watch?v=w3OWAwt_6uY,Cidad√£o-X,Caix√µes Vazios e Mentes Possu√≠das,Nova Ordem Mundial,,,Mundial,colapso do sistema; p√¢nico; agenda da Nova Ordem Mundial,redu√ß√£o populacional; interven√ß√£o atrav√©s de lei marcial
5,https://www.youtube.com/watch?v=4Rsp-uPsDYA,Ciencia de Verdade,526 - Jo√£o D√≥ria e o Carnaval Contagiante de S√£o Paulo,Plandemia,Jo√£o Doria; imprensa; Wilson Witzel; cientistas (mainstream em rela√ß√£o √† Covid-19); bi√≥logos evolucionistas de YouTube; OMS,,Mundial,lockdown,"destrui√ß√£o de empregos, empresas e fam√≠lias"
6,https://www.youtube.com/watch?v=pO_38VrTxfk,Firmeza da Verdade,OS ROB0S DE H|DR0GEL da D.A.R.P.A.,Nova Ordem Mundial,eles; DARPA; elite; Google; governos,,Mundial,rob√¥s de hidrogel; intelig√™ncia artificial; chip; vacina,"transforma√ß√£o de humanos em ciborgues; controlar a humanidade; eliminar a humanidade; domina√ß√£o mundial; extin√ß√£o dos conceitos de amor ao pr√≥ximo, fam√≠lia e f√© no senhor"
7,https://www.youtube.com/watch?v=0VNjjXRgAjw,verdadeoculta,üíâ A Gray State Hoje,Nova Ordem Mundial,elite global/donos da economia mundial/sistema; illuminati; imprensa/m√≠dia; governadores que implementaram lockdown/Estado; cientistas; Bill Gates; Instituto Butantan; ONU; servos de satan√°s/agentes do dem√¥nio; Greta Thunberg; F√≥rum Econ√¥mico Mundial,at√© 2030,Mundial,agenda global; leis (lockdown); multas; m√°scara; terror psicol√≥gico da tv;  solu√ß√£o/cura (vacina); caos social; vazamento de dados de pacientes; associa√ß√£o entre mudan√ßas clim√°ticas e pandemia (que √© positiva por estar modificando a din√¢mica da sociedade); armas biol√≥gicas; intelig√™ncia artificial; lei marcial/leis repressivas; algoritmos,redu√ß√£o populacional; dom√≠nio mundial; revolu√ß√£o 4.0; controle midi√°tico; guerras
8,https://www.youtube.com/watch?v=XWrhxClJK_8,nutri√ß√£o Alimentos & Cia,Acido L√°urico √ìLEO DE COCO e V√≠rus envelopados.,Big Pharma ,ind√∫stria farmac√™utica; cientistas que n√£o sejam independentes; departamentos reguladores de pesquisas (exigem estudos com muitas fases),agora,Mundial,"ignorando potenciais curas para a Covid-19, como o √≥leo de c√¥co",impossibilidade de patentes e de lucro a partir de produtos naturais e de terapias complementares
9,https://www.youtube.com/watch?v=74oZwKtA1-E,R√¥mulo Maraschin,"Afinal, O QUE est√£o dando para as pessoas COMEREM?",Nova Ordem Mundial,sistema; ind√∫stria; m√≠dia; YouTube; eles,,Mundial,reengenharia social; modifica√ß√£o gen√©tica; coronav√≠rus,fim da humanidade
10,https://www.youtube.com/watch?v=3HwkKSjYt8c,verdadeoculta,Palmas para o bill gates que ele merece,Nova Ordem Mundial,Bill Gates; Bolsonaro,,Mundial,testes (identifica√ß√£o); coronav√≠rus; leis,eugenia; controle
11,https://www.youtube.com/watch?v=nGE4ZXOkGRk,Ciencia de Verdade,525 - 12 Cientistas contra a Quarentena,Plandemia,"cientistas mainstream em rela√ß√£o √† Covid-19; cientistas evolucionistas darwinistas (""os mesmos que aconselharam Hitler""); imprensa/m√≠dia/televis√£o; Pirula, √Åtila Iamarino; Dr√°uzio e Mariana Varella; Jo√£o Doria; Wilson Witzel; ind√∫stria farmac√™utica",,Mundial,lockdown; coronav√≠rus/v√≠rus chin√™s; medidas governamentais de combate √† Covid-19,destrui√ß√£o da economia; fome; lucro; mortes
12,https://www.youtube.com/watch?v=zVUYXED63rU,Verdade Mundial,AO VIVO üìç A VERDADE OCULTA CHEGOU! E AGORA?,Nova Ordem Mundial,13 fam√≠lias por tr√°s da NOM; m√≠dia/imprensa/jornal/tv; eles; elites mundiais/donos do mundo; empresas; presidentes/governos; velho da Havan; ind√∫stria farmac√™utica; bancos; YouTube,longo tempo,Mundial,transg√™nicos; 5G; coronav√≠rus,lucro
13,https://www.youtube.com/watch?v=fyOpRL3Uw4k,verdadeoculta,üíâ N√£o d√° pra fechar os olhos para o que vai acontecer em seguida,Nova Ordem Mundial,governo brasileiro; governos/Estado; Illuminati; eles; m√≠dia convencional/tv; sistema; China; laborat√≥rio; cientistas; elite global; Robert Shiller; Bill Gates; magnatas; ONU; bilion√°rios; Bolsonaro; Trump; Lula; biolion√°rios; governadores,,Mundial,agenda global; pandemia/coronav√≠rus; teto de gastos do governo; manipula√ß√£o da opini√£o p√∫blica; sucateamento do SUS; um idioma; moeda √∫nica; uma religi√£o; multas/leis; caos social; lockdown/isolamento; regra de 3/prepara√ß√£o de palco; neurolingu√≠stica; revolu√ß√£o 4.0; IA; algoritmos; lei marcial; controle midi√°tico; guerras; explos√£o social; desemprego; engenharia gen√©tica; cofre do fim do mundo; grande calamidade; persegui√ß√£o a negros (Floyd); crise clim√°tica,anticristo; redu√ß√£o populacional; dom√≠nio mundial; vigil√¢ncia
14,https://www.youtube.com/watch?v=i_gi5h5IaP0,Firmeza da Verdade,PROTOCOLOS DE COMO PERMANECER EM CASA,Nova Ordem Mundial,"eles; governo; YouTube; cientistas; Elon Musk
",,Mundial,"coronav√≠rus, protocolos; m√°scara; multa; vacina; chip; √°lcool gel com nanorob√¥s (Neuralink) e computador qu√¢ntico (controle do pensamento)","destruir a fam√≠lia/humanidade; isolamento social (privar as pessoas de amar, de ter contato com outras pessoas, amizades pr√≥ximas, intimidade com o seu c√¥njuge, da liberdade, da privacidade); vigil√¢ncia; proibi√ß√£o de pensar/pol√≠cia do pensamento; proibi√ß√£o de sentir"
15,https://www.youtube.com/watch?v=WXwDmGnQMyE,Hidrogenio Global,#PARTE2 - O REI OCULTO DA INGLATERRA E A FAM√çLIA REAL SEMPRE FOI UMA FARSA DA ROYAL FAMILY DA RUSSIA,Nova Ordem Mundial,Illuminati (criadores do comunismo); comunistas; fam√≠lia Rothschild; Jeffrey Epstein; reis; igreja; STF; PT; pol√≠ticos; elite de Hollywood; NASA,agora,Mundial,5G; vacinas; chip da besta; coronav√≠rus; batalhas internas (profecia); insemina√ß√£o artificial; quarentena/isolamento; fl√∫or,arrebatamento; anticristo (L√∫cifer) - novo rei da Inglaterra; controle
16,https://www.youtube.com/watch?v=WvCKonGhi_A,Firmeza da Verdade,"DE 11 √† 18 de OUTUBRO de 2020: Papa, Vaticano e a Nova Religi√£o Mundial",Nova Ordem Mundial,vaticano; papa; eles; YouTube; laborat√≥rios (cientistas); presidente/pol√≠ticos,2030,Mundial,agenda 2030; pacto global; coronav√≠rus; projetos de lei; recadastramento biom√©trico; chip,manipular as pessoas; criar e promover uma religi√£o mundial do anticristo/besta (rob√¥ de intelig√™ncia artificial Google)
17,https://www.youtube.com/watch?v=ldjsCoCHZdc,Minha Sa√∫de - Curas Naturais,Ser√° que voc√™ est√° com defici√™ncia dessas vitaminas? Dr. Lair Ribeiro,Big Pharma ,ind√∫stria farmac√™utica; m√©dicos; faculdades,,Mundial,ignorar defici√™ncia vitam√≠nica da popula√ß√£o (sistema imunol√≥gico); lavagem cerebral para achar que gordura saturada √© ruim,promover rem√©dios
18,https://www.youtube.com/watch?v=fqDZd11fquE,Ana Paula Palagar,A M√ÅSCARA SERIA UMA PR√â- MARCA DA BESTA?,Nova Ordem Mundial,governo; eles,,Mundial,m√°scara; marca da besta/chip; leis; coronav√≠rus; caos social,
19,https://www.youtube.com/watch?v=dX8u-LmfkcU,Hidrogenio Global,Rede social de direita sem manipula√ß√£o de ag√™ncias comunistas. www.stormarmy.com,Persegui√ß√£o a Bolsonaro,"redes sociais mainstream (Facebook, YouTube, Google); ag√™ncias comunistas; esquerda; Mark Zuckerberg; Emmanuel Macron; Dilma Rousseff; ditaduras comunistas; eles; Sergio Moro; 
Peppa Pig (Joice Hasselmann); Jo√£o Doria; governadores que implementam medidas de combate √† Covid-19; Nando Moura; STF; Globo Lixo; Sandro Rocha
",,Mundial,lockdown; modera√ß√£o de conte√∫do,derrubar Bolsonaro; eliminar a liberdade de express√£o; controle; busca por poder e dinheiro
20,https://www.youtube.com/watch?v=fDHvBBhXzHM,Cidad√£o-X,O Melhor V√≠deo sobre a Conspira√ß√£o CoronaV√≠rus,Nova Ordem Mundial,governo; m√≠dia; eles; sistema; autoridades; ONU; OTAN,aos poucos,Mundial,"omiss√£o sobre risco do coronav√≠rus em meio ao carnaval; sensacionalismo; riscos da pandemia; ""muta√ß√£o"" r√°pida que parece artificial para melhorar a efici√™ncia do v√≠rus em v√°rios locais; p√¢nico; agenda; cria√ß√£o artificial de uma pandemia; coronav√≠rus como ""laranja"" do processo; chemtrails, vacinas, agrot√≥xicos, transg√™nicos e fl√∫or para contaminar a popula√ß√£o e depois justificar que √© Covid-19; p√¢nico generalizado; lockdown; projetos de lei",lucro; lei marcial/interven√ß√£o for√ßada/controle total da popula√ß√£o; redu√ß√£o populacional; restri√ß√£o de direitos/liberdade; vacina√ß√£o em massa obrigat√≥ria; interven√ß√£o militar; conselho mundial autorit√°rio; governo √∫nico mundial
21,https://www.youtube.com/watch?v=7z3G7gVrfN4,verdadeoculta,Na Europa j√° come√ßou a segunda fase,Nova Ordem Mundial,eles; governos; Jo√£o Doria; partidos pol√≠ticos; Illuminati,,Mundial,propaganda da pandemia; leis,prepara√ß√£o; governo √∫nico mundial; religi√£o √∫nica de adora√ß√£o ao anticristo/partido/l√≠der mundial
22,https://www.youtube.com/watch?v=iQ695DnxfLI,Verdade Mundial,Os #OVNIs sempre estiveram aqui üí• LIVE,Nova Ordem Mundial,militares; governo/presidentes; m√≠dia; NASA; cientistas; Unicamp; eles; vaticano; Hollywood; China; Elon Musk; Boston Dynamics,,Mundial,"coronav√≠rus/pandemia/quarentena; Starlink; sat√©lites; ufologia; abdu√ß√µes; pesquisas/testes/experimentos/projetos secretos; filmes/s√©ries adiantando ""profecias"" (ondas da pandemia etc.); v√≠rus; regra de 3; testes de sobreviv√™ncia; monitoramento/vigil√¢ncia; rob√¥s; Opera√ß√£o Prato; Resson√¢ncia Schumann; chemtrails; Nibiru; homens de preto/livro azul; Grays (projeto Sigma)
",redu√ß√£o populacional; controle
23,https://www.youtube.com/watch?v=cB34pRUJ7M4,nutri√ß√£o Alimentos & Cia,O PODER DO OZ√îNIO em destruir pat√≥genos,Big Pharma,Conselho Federal de Medicina; ind√∫stria farmac√™utica; organiza√ß√µes e institui√ß√µes de sa√∫de,,Brasil,falta de interesse na ozonioterapia em meio √† pandemia e falta de interesse em m√©todos naturais,poder; dinheiro; status; impossibilidade de patentear e lucrar
24,https://www.youtube.com/watch?v=X5P1XdwDKQo,Verdade Mundial,2021 PQP!!!! A LIVE MAIS DIF√çCIL DA HIST√ìRIA!,Nova Ordem Mundial,YouTube; cientistas; eles; grandes empresas (Microsoft/Shell/Amazon/Google) financiando pesquisas; m√≠dia/The Economist; sistema; governo; celebridades; NASA; Bill Gates; Elon Musk; Illuminati; ind√∫stria farmac√™utica,2021,Mundial,implementa√ß√£o de internet nos nossos corpos; vacina/chip; Starlink; monitoramento/vigil√¢ncia/controle; censura; m√°scara; fome/pobreza; 5G; Hollywood; coronav√≠rus; pedras da Georgia; mudan√ßa no eixo da Terra; bunkers embaixo da Terra; terceira guerra mundial; frequ√™ncias Schumann; ufologia; Opera√ß√£o Prato,lucro; controle; poder; limpeza do planeta Terra (Nibiru)
25,https://www.youtube.com/watch?v=4IzFRp0Rr-U,verdadeoculta,Porque nos consideram parasitas humanos,Nova Ordem Mundial,eles; elite global; m√≠dia/telejornal/televis√£o; governo; ,,Mundial,associa√ß√£o entre pandemia e mudan√ßas clim√°ticas; leis; m√°scara; multas,redu√ß√£o populacional
26,https://www.youtube.com/watch?v=NKUY8ez5yXQ,Domingo Espetacular,Presidente Jair Bolsonaro fala sobre o coronav√≠rus em entrevista ao Domingo Espetacular,Persegui√ß√£o a Bolsonaro,Jo√£o Doria; governadores que implementaram lockdown; grande m√≠dia/Globo/Veja,,Brasil,"ataques constantes/persegui√ß√£o; manipula√ß√£o do povo sobre a real gravidade do coronav√≠rus (exagero); incentivos da m√≠dia a manifesta√ß√µes contr√°rias a Bolsonaro (""campanha deslavada"", ""panela√ßos armados"")",prejudicar o governo Bolsonaro (exterm√≠nio de empregos etc.)
27,https://www.youtube.com/watch?v=3FG5d7xgtDo,Hidrogenio Global,#72HORAS - Stf da 72 horas para entrega de v√≠deo de reuni√£o com Bolsonaro e MINISTROS.,Persegui√ß√£o a Bolsonaro,STF; Sergio Moro; governadores,,Brasil,"persegui√ß√£o (den√∫ncia/entrega de v√≠deo de reuni√£o de Bolsonaro com ministros); ""mortes fakes""; mortes de pessoas sem atendimento",prejudicar o governo Bolsonaro; lucro
28,https://www.youtube.com/watch?v=MsNaodMBf30,Firmeza da Verdade,AS COISAS V√ÉO PIORAR,Nova Ordem Mundial,eles; m√≠dia; YouTube; sistema/governo,dinheiro digital at√© 2023; em 2023 come√ßa o implante do chip e o reinado do anticristo,Mundial,"coronav√≠rus (farsa); nova moeda digital; reset financeiro (gesara); chip; fechamento de mercados (ordem pelo caos/dividir pra conquistar); fl√∫or; vacinas; leis; lockdown (n√£o permite que as pessoas tomem sol - vitamina d3, que √© a √∫nica coisa que previne) e leis; medo; m√°scara",vigil√¢ncia e controle; reinado do anticristo; roubar a ess√™ncia humana (sem ficar pr√≥ximo e ter contato f√≠sico com outras pessoas = isolamento social)
29,https://www.youtube.com/watch?v=aOScoNKjuPQ,Ana Paula Palagar,"O SONHO : SISTEMA DE MONITORAMENTO,OK",Nova Ordem Mundial,eles; governos; governadores que implementaram lockdown; Jo√£o Doria; jornalismo; Sergio Moro,,Mundial,medo; c√¢meras de seguran√ßa em todos os lugares (em resposta √† viol√™ncia); leis; lockdown e isolamento social,"autoritarismo/estado totalit√°rio (vigil√¢ncia, monitoramento); "
30,https://www.youtube.com/watch?v=0azGop5WeA0,Firmeza da Verdade,ESSA LEI VAI CHEGAR NO MUNDO TODO,Nova Ordem Mundial,eles; governo Bolsonaro; ONU; Google; YouTube,2030,Mundial,"leis; proibi√ß√£o de rela√ß√£o sexual entre pessoas que n√£o moram na mesma casa (lei do Reino Unido); proibi√ß√£o do prazer e procria√ß√£o; proibi√ß√£o do casamento, do trabalho e da sobreviv√™ncia (em breve); agenda 2030; igualdade de g√™nero; insemina√ß√£o artificial para cria√ß√£o de novos escravos; chip; isolamento social; intelig√™ncia artificial da besta (aplicativo de distanciamento na pandemia); combate ao discurso de √≥dio; vacina; guerra civil e lei marcial","eugenia; fim da liberdade; escravizar toda a popula√ß√£o; ""quebrar"" a fam√≠lia (tirando a lideran√ßa do homem por meio da igualdade de g√™nero); fim do prazer/amor/companheirismo/fam√≠lia; domin√¢ncia de rob√¥s (escravid√£o do resto da humanidade)"
31,https://www.youtube.com/watch?v=3YmUAaxF9fE,Dr. Uronal Zancan,O QUE QUASE NINGU√âM DISSE SOBRE VENCER A PANDEMIA DO CORONAV√çRUS,Big Pharma,eles; grande m√≠dia/imprensa/r√°dio/televis√£o; ind√∫stria farmac√™utica; ind√∫stria aliment√≠cia,,Mundial,"cortina de fuma√ßa para deixar alheio √† verdade (s√≥ fala do lado negativo - vacinas, rem√©dios - quando o problema do coronav√≠rus √© a falta de imunidade); deixar as pessoas ficarem doentes (por n√£o saber que √© s√≥ cuidar da imunidade)",lucro
32,https://www.youtube.com/watch?v=4UUxlfO8BHA,Ana Paula Palagar,"ATUALIZA√á√ïES: EMPRESAS N√ÉO S√ÉO IMPORTANTES,O QUE VALE √â REVOLUCIONAR.",Marxismo cultural,George Soros; governadores e prefeitos norte-americanos; m√≠dia norte-americana e brasileira igual; eles; ma√ßons e judeus (destrui√ß√£o do ocidente - protocolos de Si√£o),,Mundial,"""grupo"" black lives matter/antifa (caos EUA e Brasil); ataques a empresas (invas√£o, inc√™ndios); mortes para poder protestar (negros); novo normal (tudo funcionando junto)",derrubada do poder americano/capitalismo; acabar com o Ocidente como conhecemos
33,https://www.youtube.com/watch?v=BMCh-zZWv08,Firmeza da Verdade,ISSO ELES NUNCA V√ÉO TE MOSTRAR,Nova Ordem Mundial,"eles; m√≠dia (jornal, r√°dio, revista, televis√£o, internet); YouTube",,Mundial,coronav√≠rus; vacina (certificado de vacina√ß√£o); chip (para fazer qualquer coisa vai precisar ter o chip); intelig√™ncia artificial (detectar se j√° foi vacinado); piora na situa√ß√£o da pandemia; destrui√ß√£o da economia; censura/ditadura tecnol√≥gica,chipar todo mundo; eliminar 90% da popula√ß√£o mundial; escravid√£o da humanidade/vigil√¢ncia total
34,https://www.youtube.com/watch?v=JXWZjhspqzA,P√°tria Evang√©lica de Deus,PADRE ALERTA - PAPA FRANCISCO VAI APRESENTAR A NOVA RELIGI√ÉO MUNDIAL AINDA ESSE ANO!!!,Nova Ordem Mundial,Papa Francisco (anti-papa); l√≠deres religiosos; governadores e prefeitos; ONU; Bill Gates,"2020 (todas as igrejas juntas, uma religi√£o); em breve ser√° apresentado o pr√≥prio anticristo",Mundial,apoio e colabora√ß√£o entre l√≠deres religiosos; p√¢nico da pandemia; coronav√≠rus; crise econ√¥mica; S√≠nodo Pan-Amaz√¥nico; vacina√ß√£o; transforma√ß√£o da humanidade; moeda √∫nica; sal√°rio universal; ra√ß√£o como alimento; lockdown; leis,√∫nica religi√£o e governo mundial (um mandat√°rio - anticristo)
35,https://www.youtube.com/watch?v=SU7fC5t7lPQ,P√°tria Evang√©lica de Deus,U.R.G.√ä.N.C.I.A! NOV@S INFORM@√á√ïES SOBRE O CUIDADO COM O V.I.R.U.S COVID-19,Nova Ordem Mundial,,"agora (""estamos no fim"")",Mundial,coronav√≠rus,governo mundial
36,https://www.youtube.com/watch?v=WGQIVglp5RQ,Cidad√£o-X,Bolsonaro e Trump podem estar planejando uma Guerra,Plandemia,Trump; Bolsonaro,agora,Mundial,coronav√≠rus e p√¢nico decorrente; agenda de Bolsonaro e Trump,derrubar a economia chinesa e favorecer Estados Unidos; criar caos na economia internacional
37,https://www.youtube.com/watch?v=iUyvYhMe4xo,verdadeoculta,Nova Leis contra o gado na carona do pandemonio,Nova Ordem Mundial,os grandes; grandes corpora√ß√µes; Sistema de Reserva Federal dos Estados Unidos (FED); sistema; grandes laborat√≥rios; Estado; senhores do mundo; supremacia do poder; China,pr√≥xima vez (n√£o agora),Mundial,"coronav√≠rus; regra de tr√™s/palco preparado; leis (""tipo lei marcial""); estado de calamidade p√∫blica; ""exames m√©dicos e laboratoriais, vacina√ß√£o e tratamentos espec√≠ficos"" (gado)",grande calamidade
38,https://www.youtube.com/watch?v=dOYZDMdyn6Q,Ciencia de Verdade,516 - Empres√°rios IDIOTAS e o Salto do Desemprego EM MASSA!,Plandemia,parte dos empres√°rios; ci√™ncia de mentira/ci√™ncia nazista (defende vacinas); ONU,,Mundial,pandemia; vacina; quarentena; coronav√≠rus,destrui√ß√£o da economia
39,https://www.youtube.com/watch?v=92hf-ITqz2w,verdadeoculta,Entenda o que est√° por detras do reset do planeta,Nova Ordem Mundial,eles; governo; sistema; m√≠dia/televis√£o; Estado; governador; Jo√£o Doria,,Mundial,reset do planeta; leis; propaganda da pandemia; coronav√≠rus; m√°scara; multas,transforma√ß√£o/reorganiza√ß√£o social
40,https://www.youtube.com/watch?v=X85LJmSk6ho,verdadeoculta,Ai fudi pra nos...,Nova Ordem Mundial,senhores do mundo,,Mundial,coronav√≠rus (e medidas de prote√ß√£o); marca da besta,grande reset/grande calamidade; anticristo/antimessias
41,https://www.youtube.com/watch?v=UR1Q-6SMlsc,verdadeoculta,Garimpeiros da noite atacam no novo normal,Nova Ordem Mundial,governo; crime organizado,,Mundial,pandemia/novo normal,grande calamidade
42,https://www.youtube.com/watch?v=zWlWLwuG5n4,Firmeza da Verdade,SE PREPARE PARA OS JU√çZOS DO ETERNO!,Nova Ordem Mundial,eles,,Mundial,dinheiro digital; 5G; quebra da economia; desemprego em massa; substitui√ß√£o por rob√¥s; chemtrails; vacinas; coronav√≠rus; nova economia; chip (gesara); intelig√™ncia artificial,profecias/ju√≠zo do criador (guerra; fome; doen√ßa); genoc√≠deo/redu√ß√£o populacional; vinda do anticristo
43,https://www.youtube.com/watch?v=jrx4hk-v1kA,Firmeza da Verdade,O CONTROLE CADA VEZ MAIS INTENSO e o FIM CADA VEZ MAIS PERTO: Est√£o Monitorando e Manipulando Tudo!,Nova Ordem Mundial,governo de SC; YouTube; Google; eles,,Mundial,coronav√≠rus; testes; monitoramento; manipula√ß√£o de laudos,anticristo
44,https://www.youtube.com/watch?v=4Xr_Qsnd4YM,Ezequiel Cordeiro - Hora Final,"Rob√¥s, Tatuagem Secreta para controle de vacinas e o o uso de microchip em Israel",Nova Ordem Mundial,√≥rg√£os de sa√∫de; Luiz Henrique Mandetta; OMS; Bill Gates,,Mundial,drones/rob√¥s; vacinas/marca da besta (n√£o pode apresentar cloroquina nem qualquer outra solu√ß√£o porque o plano √© que todo mundo seja vacinado) e tatuagem comprovando vacina√ß√£o; chip; lockdown/distanciamento; pandemia; 5G; intelig√™ncia artificial,controle mundial da popula√ß√£o; governo mundial; monitoramento
45,https://www.youtube.com/watch?v=4OXYP_230B4,verdadeoculta,Onu cobra a√ß√£o mais dura do governo,Plandemia,OMS; governos; sistema; televis√£o; controle; meios de comunica√ß√£o; eles,,Mundial,alarmismo; manipula√ß√£o de diagn√≥sticos (todos com Covid-19); censura; coronav√≠rus; assassinato de idosos (n√£o s√£o grupo de risco),
46,https://www.youtube.com/watch?v=wO3pbZJjNxk,Ana Paula Palagar,N√ÉO √â MERA COINCID√äNCIA.,Persegui√ß√£o a Bolsonaro,YouTube; jornalistas/m√≠dia convencional; deputados; esquerda,,Mundial,coronav√≠rus,"persegui√ß√£o a Bolsonaro, Trump e youtubers que dizem a ""verdade"""
47,https://www.youtube.com/watch?v=DmJJv7RJAl4,verdadeoculta,Use a m√°scara por amor ao proximo,Plandemia,eles; sistema; Estado; m√≠dia/televis√£o,,Mundial,pandemia; m√°scara; distanciamento; leis,
48,https://www.youtube.com/watch?v=8pHw88-xInc,Firmeza da Verdade,"Sol do Meio Dia, N.O.M. ""R.A.C.O.O.N"" - Isso Eles N√£o Falam! (repost)",Nova Ordem Mundial,YouTube; m√≠dia; ind√∫stria farmac√™utica; ex√©rcito; pol√≠cia; eles; sistema; governo comunista/tecnocrata; Google,,Mundial,"coronav√≠rus; isolamento; mortes causadas na verdade por gripe comum (+sol/D3 = + imunidade) em decorr√™ncia de nao sair de casa (""grande armadilha pra ficar doente""); chip/tecnologia do anticristo; dinheiro digital; alarmismo; reset financeiro (gesara); nova moeda; caos; cartilha Illuminati; invas√£o de casas pra checar contamina√ß√£o por covid (incinera√ß√£o de pessoas vivas)",lucro; reduzir popula√ß√£o de idosos; implementar lei marcial; controle da popula√ß√£o; escravid√£o perp√©tua
49,https://www.youtube.com/watch?v=YmskwGvEmL8,Firmeza da Verdade,"O PADRE, O SONHO E A ""IGREJA CAT√ìLICA""",Nova Ordem Mundial,eles; igreja; elite; sistema,,Mundial,guerra; persegui√ß√£o,
50,https://www.youtube.com/watch?v=o6bzB2ogD2E,Firmeza da Verdade,OS ROB√îS √© que MANDAM AGORA e CONTINUAR√ÉO DETERMINANDO a VIDA da HUMANIDADE,Nova Ordem Mundial,eles; sistema da besta/governamental; Google,,Mundial,"coronav√≠rus; m√°scara; luva; produto nos sapatos e nas m√£os (""vai saber o que √© isso n√© pessoal?""); √°lcool gel (nanorob√¥s); internet 5G;  drones; intelig√™ncia artificial; rob√¥s de IA; leis; campo de concentra√ß√£o; internet/celular/tecnologia/chip pra escravizar; neuralink; profecia",alastrar o sistema de controle para o mundo todo (pessoas que sobreviverem); controle populacional; domin√¢ncia do mundo por rob√¥s; anticristo (rob√¥ de intelig√™ncia artificial geminoide); substituir a ra√ßa humana por rob√¥s; escravid√£o da humanidade; 
51,https://www.youtube.com/watch?v=D2K6XR8f4q4,Ana Paula Palagar,UMA INFORMA√á√ÉO NECESS√ÅRIA. N√ÉO PERCAM!!!,Nova Ordem Mundial,eles; governo; Estado; governadores e prefeitos que apoiam medidas de combate √† pandemia; sistema,,Mundial,coronav√≠rus; desencarceramento; caos/histeria; agenda; retirada de liberdades individuais; lei; problema econ√¥mico global; acabar com a moeda como conhecemos,
52,https://www.youtube.com/watch?v=WiOjHJCELng,Firmeza da Verdade,ESSA SER√Å A MARCA DA BESTA?,Nova Ordem Mundial,Bill Gates; YouTube; MIT; ONU; Funda√ß√£o Rockefeller; elite mundial; Jo√£o Doria; sistema; m√≠dia,,Mundial,marca da besta/chip/tatuagem do Bill Gates; modifica√ß√£o do DNA; censura; vacina (RNA); coronav√≠rus; m√°scara,implementar a Nova Ordem Mundial; rastreamento; anticristo; redu√ß√£o populacional
53,https://www.youtube.com/watch?v=iojjpGGp090,Cidad√£o-X,Malditos Ignorantes Est√∫pidos e Imbecis,Nova Ordem Mundial,governo,,Mundial,,redu√ß√£o populacional
54,https://www.youtube.com/watch?v=Q5Ew8O1NM9Q,verdadeoculta,üíâ V√£o recuperar o Planeta deles com a Nova Ordem Mundial,Nova Ordem Mundial,eles; ONU; governos; elite mundial; Bolsonaro; m√≠dia/tv; sistema; Illuminati; pol√≠cia; Trump; Paulo Guedes,2023,Mundial,coronav√≠rus; agenda 2030; preserva√ß√£o ambiental; leis; internet das coisas; IA; Revolu√ß√£o 4.0; 5G; algoritmos; manipula√ß√£o da opini√£o p√∫blica; agenda global; caos social; v√≠rus/doen√ßas/epidemias; engenharia gen√©tica; eugenia; rob√¥s,redu√ß√£o populacional (98% das pessoas); anticristo; lucro; reset
55,https://www.youtube.com/watch?v=zpDXSQDfiyI,verdadeoculta,Entenda como eles manipulam facilmente,Nova Ordem Mundial,"eles; m√≠dia convencional; sistema; elite; autoridades; l√≠deres mundiais; m√©dicos; Bill Gates; Anthony Fauci
",,Mundial,coronav√≠rus; leis; rob√¥; intelig√™ncia artificial; nenhum rem√©dio atual aceito no tratamento; exagero; caos; ventilador pulmonar; manipula√ß√£o de causas de morte; ind√∫stria 4.0; IA; internet das coisas; 5G; crise,lucro; patente; redu√ß√£o populacional
56,https://www.youtube.com/watch?v=FoTgsZondbQ,Ciencia de Verdade,530 - Facebook ou FAKEbook? Vamos checar a checagem de fatos!,Plandemia,Facebook; laborat√≥rio de Wuhan; cientistas; Danielle Anderson; Peng Zhou; comunistas; Whatsapp; YouTube,,Mundial,quarentena; censura; coronav√≠rus; vacina; campo magn√©tico; 5G,
57,https://www.youtube.com/watch?v=C3B0lJpze0A,Ciencia de Verdade,"532 - O significado do termo ""HUMANIDADE""!",Plandemia,governo de SP; Jo√£o Doria; cientistas (nazismo)/bi√≥logos evolucionistas; eles; Wuhan; ci√™ncia pag√£; Wilson Witzel; imprensa; ONU,,Mundial,lockdown/quarentena/isolamento social; coronav√≠rus; intelig√™ncia artificial; internet das coisas; vacina/marca; leis; censura; m√°scara/focinheira; sem direito a educar os pr√≥prios filhos; obrigatoriedade vacinal; monitoramento ,"mortes (""carnificina de verdade""); crise econ√¥mica/destrui√ß√£o de v√°rios setores; fome"
58,https://www.youtube.com/watch?v=p_m7wpiOOuE,Cidad√£o-X,#ForaBolsonaro (S√≥ Mais um Dia de Putaria no Puteiro),Persegui√ß√£o a Bolsonaro,Sergio Moro; Bolsonaro; sistema; Carla Zambelli; eles; quadrilha golpista,,Mundial,"coronav√≠rus (comunav√≠rus); enfraquecimento governo Bolsonaro (assim como ocorreu com Dilma, segundo o prod. de conte√∫do)",
59,https://www.youtube.com/watch?v=lINqVh105rc,R√¥mulo Maraschin,RESIDENT EVIL 3 REMAKE: ANALISANDO A INTRO,Nova Ordem Mundial,"elite; YouTube; m√≠dia; CDC; ind√∫stria farmac√™utica; cientistas; eles
",,Mundial,coronav√≠rus; censura; isolamento/quarentena; contamina√ß√£o; modifica√ß√£o do DNA; vacina; bioarmas,lei marcial; redu√ß√£o populacional
60,https://www.youtube.com/watch?v=v_sSEgG3m1c,Cidad√£o-X,O Sil√™ncio do Traficante do Avi√£o do Bolsonaro,Plandemia,m√≠dia; eles,,Mundial,coronav√≠rus; alarmismo/sensacionalismo,v√≠rus ainda mais fortes (coronav√≠rus talvez seja um ensaio para algo pior)
61,https://www.youtube.com/watch?v=THGSHKMHQSM,Firmeza da Verdade,THE ECONOMIST 2020: DECIFRADA 100%,Nova Ordem Mundial,"m√≠dia; YouTube; OMS; elite; sistema/governo; Google; comunismo; Illuminati; China; cientistas; ma√ßons e judeus (cita os ""Protocolos de Si√£o""); Bolsonaro; NASA; eles",2030,Mundial,"coronav√≠rus; censura; agenda 2030 (racionamento de √°gua, comida artificial, alimentos transg√™nicos); divis√£o do povo (direita e esquerda); IA; Neuralink; chip; chemtrails; isolamento/quarentena; fraude das mudan√ßas clim√°ticas; vacina; Terceira Guerra Mundial; farsa de Marte (n√£o √© o que dizem, √© uma estrela que emite frequ√™ncia)/domo (terra plana?)",recess√£o mundial; imagem da besta/anticristo (rob√¥ de IA); controlar a humanidade; quebrar o sistema financeiro; causar o caos; redu√ß√£o populacional; escravid√£o total
62,https://www.youtube.com/watch?v=GtLkWp5CeS4,Ana Paula Palagar,EST√ÉO TENTANDO MANIPULAR A SITUA√á√ÉO.,Marxismo Cultural,eles; esquerda (doutrina√ß√£o levou ao grande n√∫mero de presos); universidades p√∫blicas; MEC (doutrina√ß√£o); pastoral carcer√°ria,,Brasil,coronav√≠rus; caos,desencarceramento; desmilitariza√ß√£o da pol√≠cia
63,https://www.youtube.com/watch?v=4aKrJoWTobw,Firmeza da Verdade,CH|NA |NSTALA F|LMAD0RAS DENTR0 DAS CASAS: O VERDADEIRO B|G BR0THER - 1984 GE0RGE 0RWELL,Nova Ordem Mundial,China; eles; elite; m√≠dia; governo; pol√≠cia; ex√©rcito; sistema,,Mundial,coronav√≠rus; quarentena/pandemia; c√¢meras dentro das casas; leis mais severas; pavor; IA; chip; decretos de situa√ß√£o de emerg√™ncia; drones; comida artificial; eletr√¥nicos e eletrodom√©sticos com c√¢meras (tv e geladeira s√£o citadas); proibi√ß√£o do sentimento de justi√ßa (caracterizado como discurso de √≥dio); m√°scara,vigil√¢ncia/monitoramento (racionamento de alimento e √°gua); controle; pol√≠cia do pensamento; fim da liberdade e privacidade; proibi√ß√£o de relacionamento sexual; imagem do anticristo (rob√¥ de IA); escravid√£o total; proibi√ß√£o do sentir/amar; proibido ter b√≠blia; redu√ß√£o populacional
64,https://www.youtube.com/watch?v=9ln4IPrYHO8,verdadeoculta,A inteligencia artificial e nos os vetores,Nova Ordem Mundial,,2030,Mundial,"IA; celular/televis√£o/energia/dinheiro/policiamento/√°gua encanada/mercado/m√©dicos p√∫blicos/escola p√∫blica (tudo nos mant√™m ref√©ns); fechamento de f√°bricas (mecaniza√ß√£o e desemprego); desenvolvimento sustent√°vel; transumanismo; revolu√ß√£o 4.0; rob√≥tica; 5G; internet das coisas; blockchains; reconhecimento facial; doutrina√ß√£o das crian√ßas (""tudo que o pai faz agora com o filho √© errado, s√≥ o Estado √© que corrige certo dando tiro em nossos filhos nas favelas""); leis e puni√ß√µes (direito da pol√≠cia de matar); futebol/novela/atra√ß√µes/m√∫sica/shows/p√£o e circo (ilus√µes); ordem pelo caos; marca da besta; agenda 2030; exterm√≠nio de empregos","entrega das liberdades/possibilidades/conhecimentos/habilidades; redu√ß√£o populacional; elite 5.0; dom√≠nio e poder, mas n√£o dinheiro (""isso eles j√° conseguiram h√° mil anos atr√°s""); "
65,https://www.youtube.com/watch?v=p791yjqERkk,Hidrogenio Global,#USA - Est√£o invadindo a sede da CNN enquanto isso o Brasileiro t√° no sof√°!,Persegui√ß√£o a Bolsonaro,"narcotraficantes; deputados; STF; PT; governo; Jo√£o Doria; Alexandre de Moraes; For√ßas Armadas Revolucion√°rias da Col√¥mbia; For√ßa bolivariana; comunismo; ex√©rcito; Hamilton Mour√£o

",,Mundial,quarentena (sem sol/sem imunidade); coronav√≠rus; PL de regula√ß√£o da internet; matando pessoas nos hospitais; proibindo realiza√ß√£o de pr√©-tratamento,persegui√ß√£o a Bolsonaro e fam√≠lia; superfaturamento com respiradores; controle
66,https://www.youtube.com/watch?v=XlYKavWME-I,verdadeoculta,üìç ‡∏ø‚Ç≥‚ÇÆ…Ü ‚Ç±‚Ç≥‚Ç±√ò ‚Çµ√ò‚Ç• …ÜV…Ü ‚Ç¥√ò‡∏ø‚±§‚Ç≥L,Nova Ordem Mundial,m√≠dia/emissoras/tv Globo/Folha de SP; sistema; tv; NASA; ONU; Roberto Carlos; Estado; Rothschild; pol√≠ticos,2023/2024,Mundial,coronav√≠rus; manipula√ß√£o de diagn√≥sticos; crise econ√¥mica; pedras guias da Georgia (500 mi de habitantes no mundo); Eco 92; Tratado de Kyoto desenvolvimento sustent√°vel; COPs; manipula√ß√£o da opiniaÃÉo p√∫blica; eugenia; caos social; grande calamidade (o povo contra o povo); agenda 2030; farsa da ida do homem √† Lua; desmonte da fam√≠lia,redu√ß√£o populacional; anticristo
67,https://www.youtube.com/watch?v=xjRamoNv9lc,Ezequiel Cordeiro - Hora Final,Desvendando o que a revista The Economist 2019 previu para 2020,Nova Ordem Mundial,elite mundial/elite oculta; fam√≠lia Rothschild; cientistas; comunismo; China; OMS; Illuminati,,Mundial,promo√ß√£o da agenda da elite; IA; dinheiro digital; chip; coronav√≠rus; argumento das mudan√ßas clim√°ticas; recess√£o; chemtrails (pulveriza√ß√µes = geoengenharia pra modificar o clima/emiss√£o de v√≠rus),controle populacional
68,https://www.youtube.com/watch?v=qxCjXTddhLg,Canal OTANERY1,Corona e TV (Parte 1) S√©rie coreana de 2018 previu pandemia de COVID?,Plandemia,laborat√≥rio/cientistas,,Mundial,coronav√≠rus,crise mundial
69,https://www.youtube.com/watch?v=itJKL3BsobM,SA√öDE & BEM ESTAR,üî¥ Blinde sua sa√∫de com o Dr. Victor Sorrentino!!! S√©rie Quebrando Tabus Da Medicina!!!,Big Pharma,ind√∫stria farmac√™utica; YouTube; m√©dicos (aliciados pelas farmac√™uticas); imprensa/internet,,Mundial,"dogmas (contra sa√∫de alternativa/sa√∫de verdadeira = ""nova medicina"", apesar de serem ""100% naturais"", ""Cientificamente comprovados"" e ""Sem efeitos colaterais"" como dito no an√∫ncio do curso no site da Jolivi); censura/persegui√ß√£o","interesses financeiros; falta de interesse nessas ""solu√ß√µes"" naturais porque n√£o d√£o patente"
70,https://www.youtube.com/watch?v=I5Nog6x0KKk,Jemima Gomes,0S ·∏ÄC0NTEC·ªãMENT0S F·ªãN·∏Ä·ªãS EST√É0 ·∏ÄQUI!,Nova Ordem Mundial,"eles; cientistas (mostra imagens de cientistas em laborat√≥rio para falar da distra√ß√£o/ant√≠doto que mata); elite; Illuminati; ""seres de suposta luz""/pleiadianos (ufologia + espiritualidade); Papa; Emmanuel Macron; artistas famosos e l√≠deres mundiais
","em breve (estamos nos ""√∫ltimos momentos prof√©ticos"")",Mundial,coronav√≠rus (cortina de fuma√ßa); crise; fome/canibalismo; ant√≠doto (paliativo); agenda; grande tsunami; dias de escurid√£o; falso anticristo e falso profeta; duas falsas bestas; duas bestas verdadeiras (uma delas sendo o falso cristo); grande reavivamento; marca (tornando h√≠bridos e n√£o puramente humanos); contamina√ß√£o com DNA de anjos ca√≠dos; fome,exterm√≠nio de alguns grupos/classes
71,https://www.youtube.com/watch?v=RV9-YOwfDwA,verdadeoculta,üíâ Sem m√°scaras e sem multas,Nova Ordem Mundial,"eles; governo/Estado; imprensa/m√≠dia/tv; sistema; Jo√£o Doria; elite global; Illuminati; Fiocruz/Oswaldo Cruz e Vital Brazil (""eugenistas do passado que queriam uma 'solu√ß√£o' para os pobres""); cientistas (""s√£o essas mesmas pessoas do passado que se destacaram como eugenistas que hoje s√£o os que est√£o procurando resolver o problema das doen√ßas que est√° amea√ßando matar os pobres""); OMS; ONU; ind√∫stria farmac√™utica e outras empresas (delivery etc.)",,Mundial,"leis; coronav√≠rus; m√°scara, isolamento; multas; agenda global; caos social; vacinas; comida artificial (produzida em laborat√≥rio); guerras; corrida espacial; vigil√¢ncia/monitoramento; fome; testagem em massa; manipula√ß√£o em resultados de testes",redu√ß√£o populacional; reset do planeta; lucro
72,https://www.youtube.com/watch?v=dKJ7cyAXdRM,Ciencia de Verdade,527 - Quarentena at√© 2022? Vamos falar sobre √âTICA!,Plandemia,"jovens pesquisadores (""desconhecem √©tica""); bi√≥logos evolucionistas; governantes; eles",etapa 1 foi at√© 24/08/2020,Mundial,"coronav√≠rus; leis; quarentena; ci√™ncia dogm√°tica; quarentena definitiva, vacina, forma de monitorar melhor (possibilidades pra etapa 2); 5G",destrui√ß√£o da economia; fome; desemprego; invers√£o do campo magn√©tico da Terra (Terra Plana)
73,https://www.youtube.com/watch?v=z7eZw1clKFo,Hidrogenio Global,Prefeito sugere aplica√ß√£o de oz√¥nio no fiof√≥ para tratamento aguardem...,Plandemia,YouTube; OMS; eles,,Mundial,coronav√≠rus; quarentena; fome; oz√¥nio retal (J√∫lio sugere que ser√° obrigat√≥rio depois); censura,
74,https://www.youtube.com/watch?v=vXSf9Ve0ulA,Firmeza da Verdade,ANALISANDO DOIS COMERCIAIS ESTRANHOS E REVELADORES,Nova Ordem Mundial,eles; Fema; ind√∫stria farmac√™utica; donos dos bancos; sistema governamental; satan√°s,,Mundial,levar as pessoas √† for√ßa como no Holocausto; censura; coronav√≠rus; m√°scara; histeria coletiva,adora√ß√£o ao anticristo
75,https://www.youtube.com/watch?v=tej1KsFWzSk,Ana Paula Palagar,LABORAT√ìRIO RACISTA?,Plandemia,ind√∫stria farmac√™utica; youtubers antirracistas; movimento black lives matter e antifa,,Mundial,"coronav√≠rus; vacina; mortes, doen√ßas e surgimento de novas doen√ßas devido aos testes de novas vacinas realizadas no continente africano (cobaias)",lucro
76,https://www.youtube.com/watch?v=faWwLTHnjZc,Cidad√£o-X,Corona e V√≠rus. A Dupla do Momento,Nova Ordem Mundial,governos; Bolsonaro; sistema,,Mundial,coronav√≠rus; agenda; vacinas; crise econ√¥mica; caos e desespero,redu√ß√£o populacional; lei marcial; governo √∫nico
77,https://www.youtube.com/watch?v=bURPBld05QM,Dr. Uronal Zancan,ESTUDO MOSTRA QUE A POLUI√á√ÉO AGRAVA A PANDEMIA DO CORONAV√çRUS,Big Pharma,governo; OMS; ind√∫stria farmac√™utica; conglomerados m√©dico-hospitalares,,Mundial,pandemia; rem√©dio e vacina,patentes e lucro
78,https://www.youtube.com/watch?v=qpqkM2cjUHs,verdadeoculta,Muitos ir√£o enlouquecer nos proximos meses,Nova Ordem Mundial,sistema; Estado; governo; eles; m√≠dia/tv; fam√≠lias que comandam o mundo (reuni√£o anual em Davos); funda√ß√£o Rockfeller e cia,,Mundial,coronav√≠rus; isolamento; multas; leis repressivas; crise econ√¥mica; rob√≥tica; IA; revolu√ß√£o 4.0; medo; desemprego; s√≠ndrome da hora rubra (pessoas enlouquecendo); ex√©rcito de Ninrode,
79,https://www.youtube.com/watch?v=pTljb3Mijz0,verdadeoculta,Sangue bom e sangue ruim discriminna√ß√£o a vista,Nova Ordem Mundial,m√≠dias; eles; lojas Americanas; Unesco (Julian Huxley - eugenista); Unicef,,Mundial,coronav√≠rus; persegui√ß√£o √†s redes sociais; eugenia e racismo; novo v√≠rus da gripe su√≠na; desemprego; carne feita em laborat√≥rio,grande calamidade
80,https://www.youtube.com/watch?v=P4U_0fDXJxI,verdadeoculta,Bill gates √© um super aliado,Nova Ordem Mundial,m√≠dia; OMS; eles; Bill Gates; Bolsonaro; YouTube,,Mundial,"levar as pessoas √† for√ßa; IA; rob√¥s; m√°scara; quarentena/distanciamento; Hollywoodianismo; programa√ß√£o neurolingu√≠stica; desqualifica√ß√£o do ser humano (""somos a praga""); fim dos direitos; fim da dignidade; autoridade para agentes do governo fazerem o que quiserem sem ser punidos; testes; manipula√ß√£o de diagn√≥sticos (positivo para Covid n√£o significa estar de fato com Covid, resultados √† revelia de Bill Gates); monitoramento; lei",
81,https://www.youtube.com/watch?v=N2ORi5znEsQ,verdadeoculta,Novo premio para quem faz testes em massa,Nova Ordem Mundial,Bolsonaro; governo de SP; empresas automobil√≠sticas; bancos; OMS; m√≠dia; eles; senhores do mundo,,Mundial,coronav√≠rus; isolamento/quarentena; testagem em massa; desemprego; fome; 5G; m√°scara,lucro; redu√ß√£o populacional
82,https://www.youtube.com/watch?v=oJhl4Yj14iM,verdadeoculta,Entenda o novo projeto de purifica√ß√£o social,Nova Ordem Mundial,eles; sistema/Estado; m√≠dia; Jo√£o Doria; ONU; sanistaristas/eugenistas brasileiros,,Mundial,"coronav√≠rus; m√°scara; fim do sentimento/amor entre as pessoas; lei; multa; ex√©rcito de Ninrode/campos de concentra√ß√£o/levar as pessoas √† for√ßa pra ""centros de bem estar social""",redu√ß√£o populacional; grande calamidade; reset; purifica√ß√£o social/eugenia
83,https://www.youtube.com/watch?v=DMA-2t-e2vw,Ana Paula Palagar,EST√ÉO JOGANDO OS PLANOS MALIGNOS NA SUA CARA.,Nova Ordem Mundial,globalistas; eles; China; m√≠dia; cientistas; Jo√£o Doria; sistema,2030,Mundial,coronav√≠rus; agenda globalista; aborto; diminui√ß√£o da fam√≠lia (menos filhos); fim da estrutura familiar; defesa do meio ambiente/aquecimento global; agenda 2030; vacina√ß√£o obrigat√≥ria,redu√ß√£o populacional
84,https://www.youtube.com/watch?v=KHuXHppS3hA,Ana Paula Palagar,N√ÉO QUEREM QUE VOC√ä PERCEBA,Persegui√ß√£o a Bolsonaro,"eles; m√≠dia/Rede Globo; esquerda; governos de SP, RJ e PR; ",,Mundial,coronav√≠rus; histeria/manipula√ß√£o/medo; caos e ordem (lei); isolamento; quarentena; persegui√ß√£o a Bolsonaro,
85,https://www.youtube.com/watch?v=_N2FO0PVmqE,Firmeza da Verdade,"OLHA O QUE A ONU FEZ AGORA! ""Marido"" e ""Esposa"" foram PROIBIDOS!",Nova Ordem Mundial,ONU; eles; Google; YouTube,2030,Mundial,"igualdade de g√™nero; proibi√ß√£o do casamento/fam√≠lia/sentir; agenda 2030; escravizar a popula√ß√£o; quebrar a ideia de fam√≠lia (tiram a ""lideran√ßa"" do homem pra isso); fim do prazer/amor/companheirismo; insemina√ß√£o artificial; chip; distanciamento/isolamento social; IA da besta; proibi√ß√£o do sexo; discurso de √≥dio; vacina; censura; guerra civil; lei marcial",rob√¥s escravizando a humanidade
86,https://www.youtube.com/watch?v=hL2slTbmO4Y,Firmeza da Verdade,Tudo Isso √© Ju√≠zo do Criador ao Povo - R√¥mulo Maraschin,Nova Ordem Mundial,Jo√£o Doria; YouTube; China/Sinovac; governadores √≠mpios,,Mundial,"vacina (c√©lulas de fetos abortados e outros, causando novas doen√ßas); coronav√≠rus; testes (cobaias); censura; obrigatoriedade vacinal; drones/c√¢meras; fim da liberdade/dignidade",tirar a capacidade de sentir/ mem√≥ria/QI/ess√™ncia de justi√ßa e sobreviv√™ncia (tornar as pessoas passivas/escravo d√≥cil)
87,https://www.youtube.com/watch?v=QpUKKwtu3AQ,verdadeoculta,Vai vendo,Nova Ordem Mundial,Illuminati; IBM; sistema; eles,,Mundial,"coronav√≠rus; cont√™ineres; agenda global; est√°dios de futebol; ""procedimento de Mengele"" (Josef Mengele)/repeti√ß√£o do Holocausto; pavor; manipula√ß√£o de ""diagn√≥stico"" (s√≥ √© de grupo de risco quem eles decidem que √©)","redu√ß√£o populacional (""RP"")"
88,https://www.youtube.com/watch?v=bcRv7YrpMhs,Ciencia de Verdade,"553 - Pior Mal Crescente (Document√°rio Hollow Earth, Parte 7)",Nova Ordem Mundial,"eles; sistema mundial sat√¢nico; ONU; Grupo Bilderberg; Fema; for√ßas demon√≠acadas; ""elite iluminada"" (Illuminati); governos; televis√£o; cientistas; YouTube",,Mundial,"invers√£o do campo magn√©tico da Terra (perspectiva da Terra Plana √© a adotada por Afonso); Terra Oca/religi√µes/doutrinas m√≠sticas (retorno de deuses antigos do subterr√¢neo); coronav√≠rus (""falsa peste""/""doen√ßa que mata menos que o cigarro"" - cat√°strofe criada pela tv); aborto; censura",invers√£o do campo magn√©tico da Terra; vinda do anticrisro
89,https://www.youtube.com/watch?v=vvpyPGybLb4,Verdade Mundial,EST√ÉO TE CONTROLANDO DESDE SEMPRE | LIVE üìç,Nova Ordem Mundial,"sistema/pol√≠ticos; YouTube; Illuminati; as 13 fam√≠lias; eles; donos do mundo (donos dos bancos, da ind√∫stria farmac√™utica, da guerra, do cinema, da m√∫sica); cientistas (coronav√≠rus criado e testado em laborat√≥rio; do nazismo/paperclip); chip; m√≠dia/notici√°rio/hollywood; governos; NASA/NAZI; Vaticano",,Mundial,"controle; censura; controle social; medo; coronav√≠rus/pandemia; m√°scara; crise financeira; guerras (primeira, segunda, 11 de setembro); obrigatoriedade vacinal; vacina; vigil√¢ncia/monitoramento; tr√°fico humano/projeto storm; aquecimento global; campo magn√©tico da Terra; distra√ß√µes; Nibiru; 5G; manipula√ß√£o pela escola (livros de hist√≥ria que mentem); caix√µes FEMA; pedras guias da Ge√≥rgia; Starlink; ufos (entregam tecnologias pra outras civiliza√ß√µes, mas pra n√≥s n√£o porque estamos muito ""atrasados""); portais; farsa da ida do homem √† Lua; ","lucro; extrair o m√°ximo de recursos da Terra pra depois sair do planeta (acredita em aquecimento global, derretimento de geleiras)"
90,https://www.youtube.com/watch?v=pb8d0YDjdQs,Hidrogenio Global,#MORTESFANTASMAS - Bolsonaro mandou ministro para Manaus e caiu 1000% as mortes de 246 para 2.,Persegui√ß√£o a Bolsonaro,governo do Amazonas,,Brasil,coronav√≠rus; manipula√ß√£o das estat√≠sticas sobre a Covid-19; fraude dos caix√µes vazios,persegui√ß√£o a Bolsonaro
91,https://www.youtube.com/watch?v=tkicPs-_HWU,verdadeoculta,üíâ Um abismo apos o outro,Nova Ordem Mundial,m√≠dia/TV/O Globo; elite global; Illuminati; sistema/governo; cientistas; ONU; Eric Pianka; eles; Trump; Bolsonaro; YouTube; OMS,,Mundial,"coronav√≠rus/Covid-19; agenda global; caos social; mudan√ßas clim√°ticas; manipula√ß√£o da opini√£o p√∫blica; rob√¥s; IA/algoritmos; Revolu√ß√£o 4.0; leis; explos√£o social; grande calamidade (o povo contra o povo); sensacionalismo; opress√£o e persegui√ß√£o a humanos; m√°scara; cont√™ineres; barreiras sanit√°rias nos ped√°gios; est√°dios de futebol; toque de recolher; Terceira Guerra Mundial/grande tribula√ß√£o da b√≠blia (Estado contra cidad√£os); protestos Black Lives Matter; lei marcial; cinema hollywoodiano (fala o que vai acontecer de modo expl√≠cito antes); vigil√¢ncia; ex√©rcito de Ninrode; compra de tanques de guerra de Israel pelo Brasil (usar contra a popula√ß√£o); censura; apartheid/distanciamento/isolamento; regra de 3 (cria problema, divulga, apresenta solu√ß√£o?); crise financeira; aliena√ß√£o; ebola",redu√ß√£o populacional; dom√≠nio mundial; lucro pra quem prop√µe solu√ß√µes tecnol√≥gicas para a pandemia
92,https://www.youtube.com/watch?v=-44_WtGsvb4,Dr. Uronal Zancan,O CORONAV√çRUS N√ÉO √â O CULPADO DESSA PANDEMIA E NEM EST√Å MATANDO NINGU√âM,Big Pharma,m√©dicos; laborat√≥rios; tv,,Mundial,coronav√≠rus; venda de rem√©dios; ningu√©m fala sobre como realmente se proteger da Covid-19 (aumentar a imunidade); vacina,lucro
93,https://www.youtube.com/watch?v=dfcsc1SmYWk,nutri√ß√£o Alimentos & Cia,ELE MONOPOLIZOU A SA√öDE MUNDIAL.,Nova Ordem Mundial,Bill Gates; farmac√™utica; eles; poderosos; pol√≠cia; m√≠dia; sistema; YouTube; Masayoshi Son,2023,Mundial,"controle da sa√∫de global; vacinas; ""filantropia""; rastreamento de todas as pessoas/vig√≠lia; chip; obrigatoriedade vacinal; sat√©lite; isolamento/quarentena; controle; moeda digital; sistema √∫nico religioso; fim da liberdade; censura; fl√∫or",lucro; patente; vinda do anticristo; regime de vigil√¢ncia/totalit√°rio
94,https://www.youtube.com/watch?v=StBlJIVpjjU,Ezequiel Cordeiro - Hora Final,Fim da Pandemia e a quest√£o dos Idosos,Plandemic,governos; ONU,,Mundial,coronav√≠rus; est√°dios,reduzir a popula√ß√£o de idosos (cortar custos)
95,https://www.youtube.com/watch?v=bwgVlf4rJnI,verdadeoculta,üíâ Acaba a grana come√ßa a explos√£o social,Nova Ordem Mundial,"sistema; elite/senhores do mundo; eles; artistas (Roberto Carlos, Madonna, Robert de Niro, Paolo Sorrentino); Greta Thunberg (ela e Roberto, √≠cones criados artificialmente pra representar a causa e propag√°-la - manipula√ß√£o); ONU; m√≠dia/Jornal Nacional; cientistas; George Soros; OMS; Bolsonaro; Jo√£o Doria; Witzel; Estado",2030,Mundial,"agenda global; coronav√≠rus; defesa ecol√≥gica/ambiental (quando Roberto Carlos come√ßou a gravar m√∫sicas sobre ecologia, era o comecinho da NOM no Brasil) pra manipular a opini√£o p√∫blica; Eco 92, protocolo de Kyoto; agenda 2030; lockdown permanente (benef√≠cio √† natureza); leis/multas; v√≠rus/doen√ßas/epidemias; engenharia gen√©tica; eugenia/assassinato de negros pobres pela pol√≠cia; revolu√ß√£o 4.0/quarta revolu√ß√£o industrial; caos/explos√£o social (crise financeira; desemprego); fome; IA/algoritmos/rob√¥s; guerras; vigil√¢ncia; m√°scara/testes; manipula√ß√£o de diagn√≥sticos de Covid; sensacionalismo e terrorismo",grande calamidade; redu√ß√£o populacional (99% da popula√ß√£o eliminada); dom√≠nio mundial; lei marcial; elei√ß√£o do anticristo
96,https://www.youtube.com/watch?v=Qu01GsYCORc,Jemima Gomes,MUD·∏ÄN√á·∏Ä DE DN·∏Ä E 0S 0LH0S NEGR0S,Plandemia,ocultistas; satanistas; artistas Illuminati; Billie Eilish,em breve,Mundial,"altera√ß√£o de DNA (transformar as pessoas em nefilim); vacinas; testagem; coronav√≠rus; mat√©ria escura (""das √°guas primordiais do caos""); chegada dos anjos ca√≠dos; possess√£o demon√≠aca (olhos negros); invas√£o de outra dimens√£o; invas√£o alien√≠gena",
97,https://www.youtube.com/watch?v=kNyGHeIHydc,Hidrogenio Global,Lula diz que Bolsonaro inventou contamina√ß√£o para fazer ‚Äúpropaganda do rem√©di@‚Äù,Marxismo Cultural,"Luiz In√°cio Lula da Silva; YouTube; China; comunistas; Sergio Moro; Wilson Witzel; ""mecanismo"" (controla tudo desde 1985, morte de Tancredo Neves); STF (colocado pelos comunistas que retornaram ao Brasil - p√≥s-ditadura?)",,Brasil,descreditar hidroxicloroquina e diagn√≥stico de Covid de Bolsonaro; censura; coronav√≠rus; guerra biol√≥gica; transg√™nicos/estrog√™nio; fl√∫or; isolamento/quarentena,prejudicar Bolsonaro
98,https://www.youtube.com/watch?v=nHjRJXGfZg4,P√°tria Evang√©lica de Deus,PADRE CAT√ìLICO ALERTA FI√âIS A SE PREPARAR PARA FIM DOS TEMPOS- ANTICRISTO-CHIP-NOVA MOEDA-PARTE 1,Nova Ordem Mundial,globalistas; comunistas,,Mundial,"coronav√≠rus; fome; peste; guerra; chip 666; moeda √∫nica; identidade digital/passaporte sanit√°rio; invers√£o dos p√≥los; derretimento das geleiras; caos; crise econ√¥mica; racismo (deve estar se referindo aos protetos relativos ao movimento Black Lives Matter, que ocorreram na mesma √©poca e s√£o tema de v√°rios v√≠deos da Ana Paula, inclusive); o padre do v√≠deo reproduz a estrat√©gia mencionada por outros canais (lan√ßar o caos para oferecer a solu√ß√£o); persegui√ß√£o religiosa (crimes de √≥dio, persegui√ß√£o cultural); crist√£os vistos como inimigos dos novos direitos humanos; grande tribula√ß√£o",anticristo
99,https://www.youtube.com/watch?v=AtTmGvq7sfw,verdadeoculta,üíâ Vai vendo s√≥,Nova Ordem Mundial,"M√≠dia convencional, elite, governo, ind√∫stria farmac√™utica, OMS, Illuminati, jornalistas ",4 de junho de 2020,Mundial,"racismo, eugenia, mudan√ßas clim√°ticas, vacinas, m√≠dia parcial e tendenciosa, agenda global, intelig√™ncia artificial","Aproveitar a oportunidade criada pela Covid-19; A opini√£o de ve√≠culos de m√≠dia reflete a opini√£o do ""sistema"" e das elites,  redu√ß√£o populacional"
100,https://www.youtube.com/watch?v=sgDK48-oQcI,P√°tria Evang√©lica de Deus,A IMPLANTA√á@O DO C.H.I.P DA BEST@ E OS 3 DI@S DE E.S.C.U.R.I.D.√É.O EM 2020 / (PARTE FINAL),Nova Ordem Mundial,"Profissionais da sa√∫de, governo global, intelig√™ncia artificial",,Mundial,coronav√≠rus; DNA humano misturado com animal; chip; marca; hidrogel,Profissionais da sa√∫de elevados ao status de deuses
101,https://www.youtube.com/watch?v=V1VAMp49S2Y,Jaime Bruning,O QUE EST√Å ACONTECENDO COM A NOSSA P√ÅTRIA,Nova Ordem Mundial,"Organismos internacionais, pessoas muito ricas e pa√≠ses poderosos; meios de comunica√ß√£o; poder legislativo; um pa√≠s asi√°tico",,Mundial,controle por meio de vigil√¢ncia (torres de 5G); confinamento; supress√£o de liberdade; coronav√≠rus,"Apagar a religiosidade crist√¢; fal√™ncia econ√¥mica do Pa√≠s; Um pa√≠s asi√°tico estaria interessado em produzir alimentos no Brasil para alimentar sua pr√≥pria popula√ß√£o (o Brasil estaria sendo ""vendido"")."
102,https://www.youtube.com/watch?v=vB2wXg_qaHE,Ciencia de Verdade,528 - O que √© pior? A Doen√ßa ou o Rem√©dio?,Plandemia,ONU; OMS; cientistas,,Mundial,coronav√≠rus; quarentena,F√© cega na ci√™ncia; A ONU teria criado uma crise ao propor lockdowns e depois teria alertado para a fome mundial visando lucrar; OMS quer dinheiro para consertar os danos; a quarentena vai matar mais do que a pr√≥pria doen√ßa (de fome) 
103,https://www.youtube.com/watch?v=KLUjWvK1ebY,Ezequiel Cordeiro - Hora Final,O ambicioso plano 'Made in China 2025' para liderar toda a tecnologia global.,Plandemia,China,2025,Mundial,coronav√≠rus; interesse econ√¥mico,"A China teria lan√ßado a doen√ßa para recuperar sua economia; A China teria um ambicioso plano chamado ""Made in China 2025"" para conquistar o mundo."
104,https://www.youtube.com/watch?v=XHe7-cQ8x7E,Firmeza da Verdade,Revista THE ECONOMIST e suas Capas Intrigantes,Nova Ordem Mundial,Revista The Economist; sistema e governo,,Mundial,coronav√≠rus; interesse econ√¥mico; controle da popula√ß√£o; moeda digital; engenharia modificada da natureza; vacinas,"Reset financeiro mundial; escravizar a popula√ß√£o; vacinas seriam utilizadas para monitorar e controlar a popula√ß√£o, que seria chipada."
105,https://www.youtube.com/watch?v=_recgd_e9KQ,Ana Paula Palagar,GOVERNADOR HELDER BARBALHO E SEUS SOLDADOS DO CRIME,Plandemia,Governador Helder Barbalho ,,Brasil,quarentena; domina√ß√£o da sociedade,Presidi√°rios seriam utilizados para fiscalizar a popula√ß√£o em rela√ß√£o ao distanciamento social com o objetivo de dominar a sociedade
106,https://www.youtube.com/watch?v=4JGAeWafhRM,Ciencia de Verdade,"541 - ""Salvando"" o Mundo Vendendo A√ß√µes!!!",Big Pharma,Ind√∫stria farmac√™utica (Moderna),,Mundial,"vacinas (""picada de abelha""); coronav√≠rus","Os empres√°rios estariam vendendo as a√ß√µes da empresa por n√£o acreditarem que as vacinas, √† √©poca em fase de testes, funcionam"
107,https://www.youtube.com/watch?v=UOBJcybw5Sk,SA√öDE & BEM ESTAR,üî¥ Vitamina D3 Na Preven√ß√£o e Tratamento Da COVID-19 Rep√≥rter Sa√∫de Entrevista Dr. Cicero Coimbra,Big Pharma,"Conselhos e sociedades m√©dicas, ind√∫stria farmac√™utica e de alimentos",,Mundial,atividade lobista de conselhos m√©dicos e ind√∫stria farmac√™utica e de alimentos; vacinas,"Normalizar os n√≠veis de vitamina D resolveria facilmente a pandemia de Covid-19. Interesse financeiro de sociedades m√©dicas, da ind√∫stria farmac√™utica e de alimentos."
108,https://www.youtube.com/watch?v=bCgG1bYEk3s,Ana Paula Palagar,MOEDA DIGITAL. CONTROLE TOTAL?,Nova Ordem Mundial,"Elite; governos; Bancos Centrais do Reino Unido, Su√©cia, Tail√¢ndia, China e Estados Unidos",,Mundial,pandemia; controle da popula√ß√£o; moeda digital,Vigil√¢ncia financeira; O governo pode pegar o dinheiro da popula√ß√£o em caso de crise financeira
109,https://www.youtube.com/watch?v=tVGQYNyPY1k,Ana Paula Palagar,AS ESTRAT√âGIAS QUE N√ÉO BENEFICIAM A POPULA√á√ÉO.,Persegui√ß√£o a Bolsonaro,"esquerda (""o outro lado da moeda""), Globo, Jo√£o Doria, Wilson Witzel, governadores, Lula",,Brasil,atacar o presidente Bolsonaro; pessoas impedidas de trabalhar (lockdown),"A esquerda estaria utilizando o problema de sa√∫de mundial para quebrar o Pa√≠s e culpar o presidente Bolsonaro e depois propor solu√ß√£o, afastando-o do cargo"
110,https://www.youtube.com/watch?v=lAy2SldBhLs,Firmeza da Verdade,"0MS afirma que NOTAS de DINHEIRO podem ESPALHAR o ""R.A.C.0.0.N.""",Nova Ordem Mundial,OMS; m√≠dia; sistema; Google,,Mundial,fim do dinheiro em papel; imagem da besta (rob√¥ de intelig√™ncia artificial do Google) para controle da popula√ß√£o,"Ningu√©m vai poder comprar e vender, a n√£o ser quem tenha a marca da besta na m√£o direita (implanta√ß√£o de chips para fazer pagamentos)"
111,https://www.youtube.com/watch?v=ySFuJ7qC79A,verdadeoculta,Fake news de milionario pode e eles aceitam como verdade,Nova Ordem Mundial,"Sistema; OMS, bilion√°rios",,Mundial,lockdown (pessoas impedidas de trabalhar),Guerra da Oceania e Eur√°sia para prejudicar as pessoas; crise global para implantar a Nova Ordem Mundial 
112,https://www.youtube.com/watch?v=um7IdV8odCI,verdadeoculta,Fim dos Tempos,Plandemia,Igreja evang√©lica,,Mundial,Letras de m√∫sica sat√¢nicas invertem o que o criador falou; retet√©,Encher a igreja e arrebanhar um p√∫blico maior
113,https://www.youtube.com/watch?v=za9gHVr4cIU,verdadeoculta,Como est√° ocorrendo o Grande Reset,Nova Ordem Mundial,F√≥rum Econ√¥mico Mundial; Nova Ordem Mundial; ONU; governo,,Mundial,"racismo, sistema de dom√≠nio",Redu√ß√£o da popula√ß√£o
114,https://www.youtube.com/watch?v=n8r0aRzZ_PU,verdadeoculta,Conhe√ßa os preparados para o fim do mundo,Nova Ordem Mundial,Sobrevivencialistas; sistema; Revista Galileu,2023,Mundial,"Prepara√ß√£o para se livrar de cat√°strofe mundial, inc√™dios na Austr√°lia, amea√ßas de guerra",Ju√≠zo final; grande calamidade. Participar de grupos de sobrivencialistas √© v√°lido para aprender t√©cnicas de sobreviv√™ncia em situa√ß√µes de cat√°strofe.
115,https://www.youtube.com/watch?v=c0xxQjwEN7w,Verdade Mundial,CAIX√ïES DA FEMA EST√ÉO PRONTOS PARA O USO? MEU DESABAFO! COMPARTILHE!,Plandemia,"""Eles"", a m√≠dia, cientistas",,Mundial,Fabrica√ß√£o de caix√µes da FEMA; coronav√≠rus. Os atentados de 2001 ao WTC teriam sido arma√ß√£o; distanciamento social; popula√ß√£o sendo usada como ratos de laborat√≥rio,"Caix√µes da FEMA foram armazenados para algo muito perigoso, qu√≠mico, algum v√≠rus ou bact√©ria para manter os corpos fora do contato com o solo - os EUA j√° estariam preparados; a m√≠dia estaria sendo manipulada para colocar medo na popula√ß√£o"
116,https://www.youtube.com/watch?v=ecGjpPO-hNY,verdadeoculta,Trump manda tomar desinfetante e o gado toma,Plandemia,Trump,2030,Mundial,Agenda 2030. Propaganda do coronav√≠rus; acabar com os pobres,Manter not√≠cias sobre coronav√≠rus na m√≠dia
117,https://www.youtube.com/watch?v=d3DVKseSxLE,verdadeoculta,Ac√ßoes da industria farmaucetica disparam nas bolsas,Nova Ordem Mundial,Ind√∫stria farmac√™utica; Nova Ordem Mundial; Agenda Global,,Mundial,O coronav√≠rus proporciona lucro para ind√∫stria farmac√™utica e sistema; pessoas passam fome e o governo esbanja dinheiro p√∫blico,O coronav√≠rus beneficia uma gama de pessoas; O coronav√≠rus √© utilizado para monitoramento da popula√ß√£o; Plano de redu√ß√£o da popula√ß√£o; 
118,https://www.youtube.com/watch?v=WV0ZJ26KwQg,Ciencia de Verdade,558 - Campo Magn√©tico da Terra: Fatos e Contos!,Plandemia,Cientistas,2019 ou 2030 e poucos,Mundial,F√© cient√≠fica manda no mundo; Invers√£o do campo magn√©tico da Terra. Cientistas interpretam/especulam acontecimentos e chamam de fatos cient√≠ficos; Cientistas chamam de vento solar algo que acontece em um lugar sem ar (imagens da magnetosfera terrestre),"Censura (de publica√ß√µes de artigos sobre a correla√ß√£o entre tecnologia 5G e coronav√≠rus);  O modelo helioc√™ntrico √© mais absurdo do que o modelo da Terra plana, mas nossa mente tem dificuldade de aceitar o modelo mais simples porque j√° foi condicionada."
119,https://www.youtube.com/watch?v=D6Ral1SIrqM,Ciencia de Verdade,519 - O Retorno do Imp√©rio do Maligno e a Biologia Darwinista,Plandemia,"M√≠dia, escolas, bi√≥logos evolucionistas; governantes;",,Mundial,"Na Alemanha nazista os bi√≥logos evolucionistas pregavam supremacia racial, eugenia; fome, destrui√ß√£o econ√¥mica; escolas convencem sobre biologia evolucionista; cidades seriam campos de concentra√ß√£o (confinamento)","Muitos trabalhos iniciais sobre evolu√ß√£o foram fraudes, mas continuam nos livros did√°ticos porque algu√©m tem interesse; Se n√£o existissem bi√≥logos evolucionistas, n√£o haveria Hitler e as pessoas n√£o estariam trancadas na pandemia."
120,https://www.youtube.com/watch?v=scrt10hnWE0,Verdade Mundial,CHUVA DE P√ÅSSAROS NA EUROPA 2020 LAN√áA ALERTA MUNDIAL,Plandemia,"Cientistas do Vaticano, NASA",,Mundial,"O campo magn√©tico da Terra estaria enfraquecendo, dificultando que os p√°ssaros se orientem, o que a ci√™ncia tradicional atribui a ventos fortes; coronav√≠rus. torres de 5G","A tecnologia 5G estaria ""fritando"" muita coisa por a√≠ e atrapalhando os voos dos p√°ssaros. A tecnologia vai transformar o planeta em um microondas gigante. "
121,https://www.youtube.com/watch?v=9ud6SLH6bTg,Jemima Gomes,C@LAMID@DE P√öBL1C@ N0 BR@SIL - C0M0 SER√Å?,Nova Ordem Mundial,Governo,At√© dezembro de 2020,Brasil,coronav√≠rus; leis e medidas; cerceamento de liberdade,Decretar estado de calamidade p√∫blica permite ao governo gastar mais que o previsto com medidas para conter os efeitos do coronav√≠rus; controle e vigil√¢ncia das pessoas
122,https://www.youtube.com/watch?v=30qKYeQJfpc,verdadeoculta,"J√° come√ßou, vamos aplaudir",Nova Ordem Mundial,Televis√£o; m√≠dia; Sistema,,Mundial,engenharia social; coronav√≠rus,redu√ß√£o populacional; implanta√ß√£o da Nova Ordem Mundial
123,https://www.youtube.com/watch?v=rKlhoG7_7is,Firmeza da Verdade,FIQUE LONGE DE SP! AVISO DADO!,Nova Ordem Mundial,Governadores; OMS,,Brasil,cerceamento de liberdade; coronav√≠rus; monitoramento da popula√ß√£o; fome; guerra civil,redu√ß√£o populacional; implantar o comunismo; 
124,https://www.youtube.com/watch?v=YzAIGGj2sVY,Ezequiel Cordeiro - Hora Final,"Alexandre Garcia, fala de coisas boas que o coronavirus fez a China",Plandemia,OMS,,Mundial,coronav√≠rus,crescimento da China
125,https://www.youtube.com/watch?v=hkbzG_FXMC8,Ana Paula Palagar,MANDETTA QUER NEGOCIAR .,Plandemia,Luiz Henrique Mandetta,,Brasil,coronav√≠rus; pacto entre ministro e bandidos,
126,https://www.youtube.com/watch?v=Cdz_f80PePI,nutri√ß√£o Alimentos & Cia,Estudo mostra que CLOROQUINA aumenta o risco de morte por COVID 19,Plandemia,M√≠dia oficial; cientistas e profissionais de sa√∫de ligados √† OMS e ao CDC,,Mundial,negar os benef√≠cios do tratamento com cloroquina e hidroxicloroquina,"lucro; ""pseudocientistas"" estariam preocupados com suas promo√ß√µes e politizados; interesses escusos da m√≠dia oficial "
127,https://www.youtube.com/watch?v=CZJ3PidrjDk,Ana Paula Palagar,POL√çTICOS PEDEM AJUDA AO YAKISOBA.,Persegui√ß√£o a Bolsonaro,"Governadores do Nordeste; Estad√£o; China; PT, esquerda, Band; Globo",,Mundial,cerceamento de liberdade; coronav√≠rus; fome; monitoramento da popula√ß√£o (ditadura da big tech),A China provocou um colapso econ√¥mico mundial; Desespero da popula√ß√£o para prejudicar o Bolsonaro.
128,https://www.youtube.com/watch?v=_mwm1yraqIs,verdadeoculta,"Acaba o emprego, acaba a necessidade de contratar humanos",Plandemia,"M√≠dia, governo, Illuminatti, gado, cientistas",,Mundial,coronav√≠rus; a√ß√µes do governo para supostamente combater o v√≠rus; aquecimento global,Prejudicar a popula√ß√£o
129,https://www.youtube.com/watch?v=bvJ27BZzio0,Firmeza da Verdade,S√ì PARA QUEM QUISER (AT√â DIA 15 DE MAIO),Nova Ordem Mundial,Eles,At√© 15 de maio de 2020,Mundial,Fim do dinheiro em papel; implanta√ß√£o de chip; quarentena (coronav√≠rus),√öltima oportunidade para adquirir curso sobre educa√ß√£o financeira e empreendedorismo
130,https://www.youtube.com/watch?v=GkTYdpsI7K8,verdadeoculta,üíâ Algu√©m escapa,Nova Ordem Mundial,Sistema; Nova Ordem Mundial; m√≠dia convencional; ONU;  laborat√≥rios; China; Globo; Bandeirantes; pol√≠ticos brasileiros; ind√∫stria farmac√™utica; Bill Gates,4 de agosto de 2020,Mundial,leis; coronav√≠rus; lockdown,"Dar poder ao governo para obrigar, punir e cobrar os cidad√£os comuns; lucro"
131,https://www.youtube.com/watch?v=M27GPxvQMZ0,Firmeza da Verdade,BOND e NIGHTINGALE: The Economist,Nova Ordem Mundial,Revista The Economist; banqueiros; eles,,Mundial,ferrar com a economia do mundo; coronav√≠rus,lucro; caminho para o chip; escravizar a popula√ß√£o mundial atrav√©s do dinheiro digital; controlar a popula√ß√£o; continuar no poder brincando de deuses
132,https://www.youtube.com/watch?v=Z0BtSKwIq1M,Firmeza da Verdade,REACT RESIDENT EVIL 3 REMAKE INTRO: O JOGO DIZIA E MOSTRAVA TUDO PREVIAMENTE,Nova Ordem Mundial,Elite; ind√∫stria farmac√™utica; m√≠dia; eles,,Mundial,rem√©dios que n√£o curam; coronav√≠rus; modifica√ß√£o de DNA; lei marcial,controle das pessoas; reduzir a popula√ß√£o
133,https://www.youtube.com/watch?v=R6-2OzcGHRs,P√°tria Evang√©lica de Deus,ALERTA- MAIS DE 2.700 L√çDERES DA LAODICEIA V√ÉO EXIGIR CRIST√ÉOS A ASSINAREM LEI PARA IR AS IGREJAS,Nova Ordem Mundial,"Igrejas; Bill Gates, Melinda Gates; Dr. Fauci; Miguel Nicholelis; Michel Mayor; Dr. Francis Collins; Papa Francisco; l√≠deres religiosos",,Mundial,coronav√≠rus; vacinas (picadas); quarentena,o grande reset (o mundo ser√° reiniciado); marcar a popula√ß√£o como gado; poder
134,https://www.youtube.com/watch?v=zQeME21xBOs,U MI√ì QUE T√Å TENO,Dr Lair d√° um Resumo FANT√ÅSTICO DE COMO RECUPERAR E MANTER A SA√öDE,Big Pharma,"M√©dicos, ind√∫stria farmac√™utica; medicina ocidental",,Mundial,"dieta inadequada, medicamentos; defici√™ncia de vitaminas; subst√¢ncias artificiais (corantes, gl√∫ten, MSG, √°cido fosf√≥rico, lactose, a√ß√∫car (frutose))","Rem√©dios n√£o recuperam a sa√∫de, apenas nutrientes (o se corpo autocura quando a fisiologia √© otimizada); n√≥s n√£o somos ref√©ns da nossa hereditariedade (epigen√©tica); "
135,https://www.youtube.com/watch?v=4BJX2plLQgk,Firmeza da Verdade,"PROTOTYPE REVELA O QUE A ELITE EST√Å FAZENDO CONTRA A HUMANIDADE! Trecho do v√≠deo do Canal ""Romuland""",Nova Ordem Mundial,Elite,,Mundial,coronav√≠rus (armas biol√≥gicas) ,"implantar uma ""G""; eliminar a popula√ß√£o"
136,https://www.youtube.com/watch?v=aljcwQds4dE,Hidrogenio Global,#Proibido andar com a Bandeira Brasileira no Brasil kkkkkkkk!!! Era s√≥ o que faltava...,Plandemia,Policiais do estado do Cear√° a servi√ßo do PCC chin√™s; governador do Cear√° e prefeito de Fortaleza,,Brasil,Policiais mandam retirar a bandeira brasileira dos carros; lockdown,A servi√ßo do comunismo
137,https://www.youtube.com/watch?v=wY36Fe1cuy0,Jaime Bruning,[A Palavra Viva de Deus] sobre esse v√≠rus,Plandemia,"M√≠dia, inimigo estrangeiro; China comunista",,Mundial,Quarentena; coronav√≠rus,"P√¢nico, histeria; arruinar a economia; redu√ß√£o das liberdades individuais, imposi√ß√£o de uma nova religi√£o; puni√ß√£o pela justi√ßa divina"
138,https://www.youtube.com/watch?v=YwsDdWxEzEY,Jemima Gomes,V0C√ä N√É0 V@I ACREDIT@R N1SS0,Nova Ordem Mundial,Anjos ca√≠dos disfar√ßados de luz,,Mundial,coronav√≠rus; vacinas mortais,"Desenvolver a Nova Era, moeda mundial, redu√ß√£o populacional"
139,https://www.youtube.com/watch?v=Z9ETm5vdBvo,Firmeza da Verdade,ELES PODEM. VOC√ä N√ÉO.,Plandemia,Luiz Henrique Mandetta; OMS; Apresentador da Globo; Eles,,Brasil,coronav√≠rus (isolamento social),Cerceamento de liberdade e de pensamento; eles querem ter o mundo livre s√≥ pra eles.
140,https://www.youtube.com/watch?v=zeZDmztIbx4,verdadeoculta,O normal nunca mais,Nova Ordem Mundial,Estado; sistema; governos; Nova Ordem Mundial; eles,Desde agora em diante (maio de 2020),Mundial,leis; coronav√≠rus; ,Opress√£o
141,https://www.youtube.com/watch?v=cwdx3UczgPA,Cidad√£o-X,Como eu Levei um Strike (E Agora? Qual o Futuro do Canal?),Nova Ordem Mundial,"Plataforma (YouTube); Sistema; Nova Ordem Mundial;George Soros; Bolsonaro, Frederick Wassef, Fl√°vio Bolsonaro, Ministro da Educa√ß√£o; Damares; Sales; elite p√∫blica",,Brasil,Censura de canal ap√≥s publica√ß√£o de v√≠deo sobre Sara Winter; privatizar o saneamento b√°sico. Censura; neonazismo; satanismo,Alienar o p√∫blico; testar o gado; golpe militar; lucro
142,https://www.youtube.com/watch?v=uf25j7ZR6FY,Firmeza da Verdade,O ROB√î de INTELIG√äNCIA ARTIFICIAL em KYOTO (A Imagem do Anticristo de Ap 13 ser√° SEMELHANTE a isso),Nova Ordem Mundial,Revista The Economist,,Mundial,intelig√™ncia artificial; rob√¥ vai matar as pessoas que n√£o aceitarem sua marca,Implantar a imagem do anticristo
143,https://www.youtube.com/watch?v=XB9XaPAcK4Y,Verdade Mundial,A FEMA E OS MAIS DE 500 MIL CAIX√ïES NOS EUA EM 2020,Nova Ordem Mundial,FEMA; Vantage Products Corporation; Governo,,Mundial,campos de concentra√ß√£o da FEMA para quem resiste √† lei marcial; meio milh√£o de caix√µes estocados nos EUA; trilhos de trem que ligam a f√°briga da Vantage a v√°rios pontos do pa√≠s,controlar a popula√ß√£o; espalhar medo; reduzir a popula√ß√£o
144,https://www.youtube.com/watch?v=A1up4h69mNg,verdadeoculta,Uma nova ordem mundial surgindo hoje,Nova Ordem Mundial,Nova Ordem Mundial; Fiocruz; OMS; sistema; eles; m√≠dia brasileira e internacional; Illuminati,,Mundial,"muta√ß√£o de v√≠rus H1N2; carne de laborat√≥rio, acordo entre m√≠dia brasileira e mundial",Matar os pobres; m√≠dia brasileira √© sucursal dos illuminati
145,https://www.youtube.com/watch?v=ZbtuDMFn7m4,Hidrogenio Global,"Valdeci Cavalcante vice presidente dos comerci√°rios do Piau√≠, conta plano diab√≥lico dos governadores",Plandemia,Prefeitos e governadores; jornalistas,,Brasil,comprar produtos descart√°veis sem comprova√ß√£o,Chantagear o governo federal; tirar recursos do tesouro nacional para fazer compras sem licita√ß√£o; levar terrorismo para a popula√ß√£o
146,https://www.youtube.com/watch?v=jZbADvWqhX8,Junior Hallak Medicina e Sa√∫de,AO VIVO: QUER TER SA√öDE NESSE MOMENTO DE PANDEMIA? DR. LAIR RIBEIRO ENTREVISTA DE FERNANDO BETETI,Big Pharma,"M√©dicos, ind√∫stria farmac√™utica; medicina ocidental",,Mundial,"dieta inadequada, medicamentos; defici√™ncia de vitaminas; subst√¢ncias artificiais (corantes, gl√∫ten, MSG, √°cido fosf√≥rico, lactose, a√ß√∫car (frutose))","Rem√©dios n√£o recuperam a sa√∫de, apenas nutrientes (o se corpo autocura quando a fisiologia √© otimizada); n√≥s n√£o somos ref√©ns da nossa hereditariedade (epigen√©tica); "
147,https://www.youtube.com/watch?v=U0PTBCkBfQM,Ciencia de Verdade,560 - O Plasma e o Fogo do C√©u (+An√°lise dos Tempos Atuais),Nova Ordem Mundial,,,Mundial,grande cat√°strofe; coronav√≠rus; ira do criador; m√°scaras; plasma; alertas de conhecimento ind√≠gena; potencial queda do c√©u; Invers√£o do campo magn√©tico da Terra; fim do mundo; pandemia,Fim do mundo; cat√°strofe financeira e econ√¥mica; destruir a sociedade; acabar/restringir a liberdade; controle; persegui√ß√£o; limpeza do mundo (pessoas m√°s ser√£o consumidas pelo plasma)
148,https://www.youtube.com/watch?v=9hFjDwEtQM4,Ezequiel Cordeiro - Hora Final,Diabo est√° por tr√°s do C. V. diz Bispo Macedo | Fechar ou n√£o fechar igrejas?,Plandemia,M√≠dia;,,Mundial,coronav√≠rus; fechamento de igrejas; cancelamento de cultos e de eventos ,Disseminar pavor/medo; interesse econ√¥mico
149,https://www.youtube.com/watch?v=N5fqBjWqgbI,verdadeoculta,üíâ Costurando o cen√°rio da Nova Ordem Mundial,Nova Ordem Mundial,"Eles; illuminatti; governos de diversos pa√≠ses, incluindo o Brasil; empresas da alta elite; milion√°rios; Bill Gates;  jornalistas que trabalham para a elite global; El Pa√≠s; Revista Forbes; Ricardo Salles; m√≠dia; O Globo",,Mundial,coronav√≠rus; rob√¥s; intelig√™ncia artificial; aquecimento global; fake news; movimentando a opini√£o p√∫blica para ficar contra minorias; multas ,Redu√ß√£o populacional; conceber a Nova Ordem Mundial; monitoramento de celulares/pessoas
150,https://www.youtube.com/watch?v=5pWQB23azfY,Firmeza da Verdade,FOI DECRETADO O ISOLAMENTO OBRIGAT√ìRIO NO BRASIL,Nova Ordem Mundial,"Governo do Brasil; policiais; Minist√©rio da Sa√∫de, Justi√ßa e Seguran√ßa P√∫blica; Eles; governadores e prefeitos; ind√∫stria farmac√™utica",mar√ßo de 2020,Brasil,policiais podem obrigar isolamento compuls√≥rio; pandemia; vacinas obrigat√≥rias; exames m√©dicos; leis; √°lcool gel,cerceamento de liberdade; controle populacional; fazer a popula√ß√£o obedecer o sistema; lucro
151,https://www.youtube.com/watch?v=jio0ddkRd4U,Ana Paula Palagar,"O ""NOVO NORMAL"" DO MEDO PERP√âTUO.",Nova Ordem Mundial,M√≠dia; Pessoas que manipulam a sociedade ignorante; um grupo; eles; Folha de S√£o Paulo; Revista The Economist; illuminatti; movimento negro americano,,Mundial,educa√ß√£o sabotada; manipula√ß√£o da sociedade; pandemia; censura; novo normal; doen√ßa do porco; carne impressa (impressora 3D); guilhotinas nas ruas,cerceamento de liberdade; tornar o mundo globalista; formar uma sociedade virtual; impor terror na sociedade americana
152,https://www.youtube.com/watch?v=-PD74hkdeBw,verdadeoculta,Lucro do ITAU √© o maior da historia do pais,Nova Ordem Mundial,Eles; sistema; m√≠dia; governo; banco Ita√∫,,Mundial,aplicativos; pandemia; demiss√µes ,cria√ß√£o de banco de dados sobre todo mundo; implantar o caos social; controle; transfomar o mundo no caos; lucro
153,https://www.youtube.com/watch?v=FLvt-sW28kw,verdadeoculta,Irresponsabilidade da tv causa traggeddia,Nova Ordem Mundial,Televis√£o; m√≠dia; Record; Revista Forbes; KFC; Apple; ind√∫stria farmac√™utica,,Mundial,comando telep√°tico; carne de frango feita em laborat√≥rio; suic√≠dio de funcion√°rios; aplicativos/pulseiras; vacinas ,"comandar o ""gado""; lucro; monitorar a popula√ß√£o"
154,https://www.youtube.com/watch?v=7ZkocJvFcT0,Firmeza da Verdade,O QUE N√ÉO TE CONTARAM NEM TE MOSTRARAM,Nova Ordem Mundial,Eles; pessoas que mandam no mundo; Rainha Elizabeth; Fam√≠lia Real Brit√¢nica;elite das trevas; banqueiros; cientistas; Ex√©rcito; Bolsonaro; falsos profetas,2030,Mundial,quebra da economia; queda da internet; desemprego em massa; pandemia; chip/tatuagem (gesara); dinheiro digital; 5g; acordo com a China; guerra; fome; doen√ßas; pragas,fazer uma nova economia; libera√ß√£o do 5G; redu√ß√£o populacional; controle social; eugenia; implantar uma moeda √∫nica mundial; acabar com o dinheiro de papel; capacitar os rob√¥s AI para substituir profissionais 
155,https://www.youtube.com/watch?v=bdlFU2I4I0E,Ana Paula Palagar,O PLANO MAL√âFICO SENDO IMPLANTADO NO BRASIL E EUA- (ANTI FAS),Persegui√ß√£o a Bolsonaro,Antifas; S√¢mia Bonfim; parlamentares de esquerda; m√≠dia; ex√©rcito da esquerda; torcidas organizadas; eles; ex√©rcito comunista,,Brasil,"atos ""democr√°ticos""; viol√™ncia; crimes acobertados pelos direitos humanos; massa de manobra usados para ajudar aqueles que n√£o trabalham democraticamente",Atacar os manifestantes pr√≥-Bolsonaro; negar as liberdades individuais; impor medo √† sociedade; enfraquecer o governo; criar o ex√©rcito deles
156,https://www.youtube.com/watch?v=fe691KcRTnY,Hidrogenio Global,"Rede esgoto pede desculpas ao Bolsonaro, e a Advogada do Luciano Hang me ligou sobre a Rede Social.",Persegui√ß√£o a Bolsonaro,Rede Globo; comunistas; Ag√™ncia Lupa; Estad√£o; Grupo Globo; Mark Zuckeberg,,Brasil,Os comunistas est√£o organizados em Instagram; Facebook e Whatsapp (monop√≥lio); censura,Controlar e regulamentar a m√≠dia
157,https://www.youtube.com/watch?v=Wq422XCGQHI,Ezequiel Cordeiro - Hora Final,C0VID-19: DE QUEM √â A CULPA? QUAL A ORIGEM?,Nova Ordem Mundial,China; EUA; ind√∫stria farmac√™utica,,Mundial,Pandemia; origens do coronav√≠rus; tecnologia 5G; disputa comercial entre China e EUA,Controle populacional
158,https://www.youtube.com/watch?v=WcKFrCoLaqY,Ciencia de Verdade,517 - Nando Moura + Diego Rox = Desemprego EM MASSA!,Plandemia,Pessoas que apoiam o isolamento social; ONU; Diretor da OMS; capeta; palermas do sistema; canais do sistema; ci√™ncia falsa,, Brasil,Pandemia; quebra da economia,Fome; mis√©ria; travar a economia
159,https://www.youtube.com/watch?v=hiAyQCypzps,Hidrogenio Global,"#BOMBA - Prefeitura solda as portas de com√©rcios e multa em R$9.200,00 destruindo a economia.",Plandemia,Globo; eles; Jo√£o D√≥ria; Witzel; prefeito de Manaus; Prefeitura de S√£o Paulo; Chefes do PCC e do PSDB; eles,,Brasil,soldando portas de estabelecimentos comerciais; roubo/desvio de verba na compra de respiradores/bipaps,Violar os direitos de ir e vir das pessoas; lucro e desvio de verba p√∫blica
160,https://www.youtube.com/watch?v=si6DQDDu8hw,Palestrante Tiago Rocha,N√ÉO USE √ÅLCOOL EM GEL? ELE N√ÉO FUNCIONA? USE VINAGRE? (Tiago Rocha).,Big Pharma,Ind√∫stria farmac√™utica,,Brasil,pandemia,Lucro da ind√∫stria farmac√™utica
161,https://www.youtube.com/watch?v=TaMeVzDpihA,verdadeoculta,üíâ O novo Normal,Nova Ordem Mundial,Os donos do mundo; sistema; illuminatti; governo; milion√°rios; elite global; m√≠dia; televis√£o; patr√¥es do governo e da m√≠dia; Christiana Figueres; Bill Gates; eles; senhores do mundo; ex-chefe do Banco Mundial (Jim Yong King); OMS;,3 de junho de 2020,Mundial,Rein√≠cio (reset) do mundo; pandemia; leis punitivas; racismo; lavagem cerebral pela m√≠dia; marcando as casas das pessoas; programas de controle do imposto de renda,Modifica√ß√£o social e econ√¥mica; acabar com a maioria da sociedade humana; reduzir a popula√ß√£o; favorecer milion√°rios; lucro; separar fam√≠lias e vizinhos; prejudicar o gado
162,https://www.youtube.com/watch?v=5yAk9b12mp4,Hidrogenio Global,MACABRO -Idosa √© colocada viva em saco e mandada para o necrot√©rio em Manaus,Nova Ordem Mundial,M√©dicos e enfermeiros,,Brasil,Mulher colocada viva em saco/caix√£o,Redu√ß√£o populacional (matar idosos e doentes)
163,https://www.youtube.com/watch?v=wcQUjUhK7-k,nutri√ß√£o Alimentos & Cia,Corpo HUMANO uma estrutura complexa.,Plandemia,Ind√∫stria de alimentos,,Mundial,"defici√™ncia de vitaminas, prote√≠nas, nutrientes; pandemia; MMS (di√≥xido de cloro); coronav√≠rus",A comida n√£o presta e as pessoas n√£o sabem comer (junk food)
164,https://www.youtube.com/watch?v=5iI-ihAKbJY,verdadeoculta,S√≥ est√£o falando em reiniciar o planeta cuiddado com o reset,Nova Ordem Mundial,Eles; governo; cientistas; IPCC; Davos; Bilderberg; Coreia do Sul; elite; m√≠dia,,Mundial,pandemia; mudan√ßa clim√°tica; eugenia; polui√ß√£o do ar,Reiniciar a economia; resetar o planeta; sacrificar o gado; matar os pobres; implantar as f√°bricas deles
165,https://www.youtube.com/watch?v=VQJFIppPKag,Firmeza da Verdade,LEVARAM MEU DINHEIRO,Nova Ordem Mundial,Governo; Ma√ßonaria; elite; pol√≠ticos; comunistas; sistema; governo Bolsonaro; China; eles,,Brasil,IPVA; IPTU; golpe ma√ßom; voto; manipula√ß√£o das urnas; fome; doen√ßa; guerra civil; v√≠rus; chip na m√£o; dinheiro digital; pandemia (isolamento social),roubar a popula√ß√£o; escravizar a popula√ß√£o; matar a popula√ß√£o de fome e de doen√ßa; proibir contato
166,https://www.youtube.com/watch?v=S_2wURhb2-g,Dr. Uronal Zancan,DR. MARCO MENELAU: M√âDICO QUE EST√Å MUDANDO A SA√öDE NO BRASIL,Big Pharma,M√©dicos que se preocupam com doen√ßas e n√£o com sa√∫de (medicina tradicional); sistema; m√≠dia,,Brasil ,Pandemia; doen√ßas aumentando; a causa das doen√ßas n√£o est√° sendo tratada,Medicina tradicional est√° equivocada e desconhece as for√ßas naturais capazes de autocura; *Os m√©dicos fazem propaganda da aquisi√ß√£o de curso de suplementa√ß√£o inteligente no final do v√≠deo
167,https://www.youtube.com/watch?v=EaI0IwnDQw8,Hidrogenio Global,#Jo√£oDoriana - Veja como se faz Santa Catarina √© um exemplo de democracia e intelig√™ncia....,Plandemia,petistas; China; D√≥ria,,Brasil,Pandemia,Ganhar a 3¬™ guerra mundial (China); levar os neg√≥cios √† fal√™ncia
168,https://www.youtube.com/watch?v=ka2_b-gg8ZA,Firmeza da Verdade,PROIBIDO ORAR E FAZER CULTO DENTRO DE CASA - DECRETO 515/2020,Nova Ordem Mundial,Eles,2 de abril de 2020,Brasil ,Pandemia; leis,"Acabar com a liberdade; acabar com a forma natural de reprodu√ß√£o humana; acabar com casamentos; eliminar a ra√ßa humana para mudar para ciborgues, rob√¥s e a intelig√™ncia artificial"
169,https://www.youtube.com/watch?v=r-6XG5JuAQE,Firmeza da Verdade,RESET GESARA: DINHEIRO DIGITAL e SUBSTITUI√á√ÉO DE HUMANOS POR ROB√îS de A.I.,Nova Ordem Mundial,Eles; Nova Ordem Mundial; Ex√©rcito; for√ßas armadas; Bolsonaro; China; elite,2030,Mundial,Dinheiro digital; pandemia; chip; libera√ß√£o do 5G; desemprego em massa; Gesara; coronav√≠rus; Agenda 2030 da elite,"Destruir/colapsar a economia atual,; escravizar a humanidade por meio do dinheiro digital; substituir pessoas por rob√¥s"
170,https://www.youtube.com/watch?v=53EAjJW6JV4,nutri√ß√£o Alimentos & Cia,NANDO MOURA esculacha (zomba) de terapia s√©ria pra tratamento de sa√∫de.,Big Pharma,UOL; pa√≠ses milion√°rios; ind√∫stria farmac√™utica,,Brasil,Ridiculariza√ß√£o de medicamentos aplicados por via retal (ozonioterapia); pandemia,Machismo; pessoas n√£o conseguem ver a efic√°cia da aplica√ß√£o do oz√¥nio em muitos casos; oz√¥nio √© barato;pa√≠ses milion√°rios querem vender medicamentos caros (lucro da ind√∫stria farmac√™utica)*Vende curso de naturopatia cl√≠nica avan√ßada (uma das disciplinas √© ozonioterapia)
171,https://www.youtube.com/watch?v=YtFgfZ1bjt0,Dr. Uronal Zancan,7 Dias para Aumentar sua Imunidade e Combater o Coronav√≠rus,Big Pharma,Medicina tradicional; ind√∫stria farmac√™utica; imprensa; pol√≠ticos,,Brasil,"Pandemia; compra de rem√©dios, vacinas, ventiladores",Medicina da doen√ßa; ibope para a imprensa; poder *Vende livro/curso sobre aumento da imunidade; quando a imunidade est√° alta vacinas n√£o s√£o necess√°rias
172,https://www.youtube.com/watch?v=mNGgBcamH9g,Ciencia de Verdade,535 - Ret√≥rica do Tio Bill,Nova Ordem Mundial,Eles; NASA; esquerda; Planed Parenthood; Bill Gates; Melinda Gates; banqueiros bilion√°rios; Funda√ß√£o Bill & Melinda Gates; ci√™ncia,,Mundial,eugenia; ret√≥rica; aborto; planejamento familiar; incentivando relacionamentos do mesmo sexo; racismo; pandemia; vacinas,Tirar as pessoas mais simples/pobres da sociedade (afrodescentendes e latinos); estereliza√ß√£o
173,https://www.youtube.com/watch?v=jSnBWjWMUEs,Firmeza da Verdade,Tudo ACONTECENDO MUITO R√ÅPIDO! O TEMPO √â CURTO! (The Economist e Suas PREVIS√ïES) - R√¥mulo Maraschin,Nova Ordem Mundial,Revista The Economist; China; Agenda da elite; m√≠dia; Eles; YouTube,29 de junho de 2020,Mundial,Pandemia; proibir rela√ß√µes entre as pessoas; pessoas n√£o v√£o ter dinheiro para pagar a luz; bloqueando inscri√ß√µes no canal,"Queda de 1/3 da humanidade, prevista no Apocalipse; controlar a popula√ß√£o; censurar a verdade"
174,https://www.youtube.com/watch?v=zX76Q-Ay1c0,Ezequiel Cordeiro - Hora Final,Aglomera√ß√£o em festival na China √© permitido e OMS n√£o cr√≠tica. Porque ser√°?,Plandemia,OMS; China,,Mundial,Pandemia (isolamento; lockdown); OMS sempre muda de opini√£o,OMS favorece a China; China lucra com exporta√ß√£o de suprimentos m√©dicos durante a pandemia
175,https://www.youtube.com/watch?v=Wa_C3Eg2MRo,Firmeza da Verdade,"C√É0 R0B√î C0ME√áA A SER USAD0 C0NTRA A P0PULA√á√É0 para ""EVITAR AGL0MERA√á√ïES""",Nova Ordem Mundial,Eles; Boston Dynamics,,Mundial,Uso de rob√¥s para dispersar aglomera√ß√µes; sistema da besta e do anticristo; pandemia; imagem do anticristo (rob√¥ de intelig√™ncia artificial do Google),Vigil√¢ncia/priva√ß√£o de liberdade; medo
176,https://www.youtube.com/watch?v=K8bxus9rh04,verdadeoculta,Passaporte da imunidade e os privilegiados,Nova Ordem Mundial,Sistema; Melinda Gates; eugenistas brasileiros; eles; os poderosos,,Mundial,Cruz invertida usada por Melinda Gates; eugenia; pandemia (passaporte da imunidade),"Modifica√ß√£o social; eliminar os pobres, negros, pequenos e minorias"
177,https://www.youtube.com/watch?v=ivAD3HKplOI,Ezequiel Cordeiro - Hora Final,7 coisas que v√£o ACONTECER no mundo at√© 2030,Nova Ordem Mundial,F√≥rum Econ√¥mico Mundial; Pr√≠ncipe Charles; l√≠deres mundiais; eles; Google; Bill Gates,At√© 2030,Mundial,"O mundo sofreu um reset em 2020 para dar in√≠cio a uma nova era; pandemia; rob√¥s; 4¬™ revolu√ß√£o industrial; corpos humanos 2.0; intelig√™ncia artifical; nanom√°quinas; novo governo mundial; carros el√©tricos; cidades inteligentes (tecnologia 5G, 6G, 7G); comida artificial; transg√™nicos; rob√¥s sexuais; controle do clima pelo homem; fim do dinheiro de papel; casas e carros compartilhados",transformar a Terra em um computador gigante (estar√° completamente conectada); controlar a popula√ß√£o; monitoramento; estabelecer o governo mundial  (profecia b√≠blica - 10 na√ß√µes governar√£o = 10 chifres da besta)
178,https://www.youtube.com/watch?v=B6trm8vgNmQ,verdadeoculta,Bilionarios lucram com a crise mas querem acabar com ela quem acredita,Nova Ordem Mundial,Bilion√°rios americanos; Jeff Bezos; Elon Musk; presidente da rep√∫blica; eles;  Autoridades de cada estado ou pa√≠s (l√≠deres mundiais); sistema; meios de comunica√ß√£o; Bill Gates; Anthony Fauci; m√≠dia convencional,,Mundial,Pandemia; intelig√™ncia artificial; ventiladores pulmonares; fraudar causa da morte em atestados de √≥bito nos EUA,Ajudar a desiguladade social e proporcionar ac√∫mulo de riquezas aos ricos; reduzir a popula√ß√£o; elite 5.0 quer entrar em cena; intelig√™ncia artificial vai roubar empregos
179,https://www.youtube.com/watch?v=g1kZGxXsghA,Ciencia de Verdade,538 - Ops... Qual √© o Assunto Mesmo? Cinco o qu√™?,Plandemia,YouTube; Facebook; imprensa; jornalistas; BBC; Jo√£o D√≥ria,,Mundial,o 5G impede as pessoas de absorverem oxig√™nio; censura,Censura √† ci√™ncia que n√£o segue o mainstream; lucro dos fabricantes de celular; cerceamento √† liberdade de express√£o
180,https://www.youtube.com/watch?v=bdyekRqXWm8,Ana Paula Palagar,COMO EST√Å O RIO DE JANEIRO NA PARALISA√á√ÉO?,Nova Ordem Mundial,O brasileiro; Governadores; Band; China; eles,23 de mar√ßo de 2020,Brasil,Pandemia; presidi√°rios soltos; medo; caos,Preju√≠zo financeiro; quebra da economia; abertura para a nova economia da moeda digital; perda das liberdades individuais; controle total; impor a ordem que eles querem
181,https://www.youtube.com/watch?v=SmomkliQmMs,Cidad√£o-X,Protesto Antifascista pode ser Armadilha Mortal,Plandemia,"Neonazis fascistas; eles; governo dos EUA; governo Bolsonaro; grandes governos mundiais (China, R√∫ssia, Uni√£o Europeia)",6 de junho de 2020,Brasil,S√≠mbolos nacionais; infiltrando agentes nos protestos; sabotar o movimento; contratando mercen√°rios; manipula√ß√£o do processo eleitoral; pandemia,Manipula√ß√£o da percep√ß√£o; queimar/criminalizar o movimento antifascista; desestabilizar os governos inimigos dos EUA
182,https://www.youtube.com/watch?v=SGJMjfLlvn8,Firmeza da Verdade,S√ÉO OS √öLTIMOS DIAS! √öLTIMAS VAGAS E √öLTIMA OPORTUNIDADE (AT√â DIA 15 DE MAIO),Plandemia,"Pessoas que querem difamar algu√©m com inveja, √≥dio, rancor contra quem est√° trabalhando de forma legalizada e honesta; pessoas que confundem as coisas e s√£o injustas em suas acusa√ß√µes",,Mundial,"crise for√ßada; paralisa√ß√£o for√ßada, impossibilitando as pessoas de exercerem suas atividades profissionais; no futuro s√≥ existir√£o meios virtuais de trabalhar",
183,https://www.youtube.com/watch?v=OXlDasxESSQ,Firmeza da Verdade,THE ECONOMIST: O Fim da Energia a COMBUST√ÉO! Fim do uso de Petr√≥leo e fim dos CARROS e AVI√ïES atuais,Nova Ordem Mundial,Revista The Economist; elites; eles; Agenda 2030,2024; 2026; 2030,Mundial,"Fim da liberdade, dignidade e dinheiro; tramar contra a humanidade; Fim dos combust√≠veis f√≥sseis; Proibindo as rela√ß√µes sexuais; 5G; intelig√™ncia artificial; acordos de energia solar e e√≥lica; carro el√©trico; Agenda 2030 (ODS); reset gesara; imposto sobre carbono; caix√µes da FEMA",Mudar o sistema; transformar a energia; extin√ß√£o do modo como usamos a energia; escravizar a todos; eliminar a classe m√©dia e os pobres; fazer a popula√ß√£o pagar para respirar; eliminar 1/3 da popula√ß√£o; tornar a popula√ß√£o ignorante (sem pensar)
184,https://www.youtube.com/watch?v=W_vmXtHUrxA,Hidrogenio Global,CIENTISTA CHIN√äS QUE ESTUDAVA A C....... √â MORTO A TIROS NOS ESTADOS UNIDOS,Plandemia,"Partido Comunista Chin√™s, laborat√≥rio",,EUA,"assassinato de cientista, Coronav√≠rus","Coronav√≠rus tem RNA e depois tem o segmento de RNA do v√≠rus HIV (o cientista estava pesquisando na hora errada, lugar errado, com pessoas erradas); Omitir que o v√≠rus foi feito em laborat√≥rio"
185,https://www.youtube.com/watch?v=eKbV5RVk1ps,Hidrogenio Global,"DEM√îNIOS DO MUNDO - MINISTROS DO STF, CHINA, KOREIA DO NORTE, E ADVOGADO DO PT",Plandemia,Bandidos corruptos; OMS (Tedros Adhanom); STF; Coreia do Norte; China; eles; TSE,,Mundial,Manipula√ß√£o de dados no Google e Facebook; fluor na √°gua; vacinas (picada/V.A.C.); antenas de telefonia,Escravizar a popula√ß√£o; guerra biol√≥gica; espionar o presidente Bolsonaro; quebrar neg√≥cios; fazer a popula√ß√£o morrer de fome
186,https://www.youtube.com/watch?v=a1l4PjylmoU,Ciencia de Verdade,540 - Pr√™mio Nobel mais 600 M√âDICOS contra o CONFINAMENTO!,Nova Ordem Mundial,Governador jornalista (D√≥ria); bi√≥logo evolucionista (√Åtila Iamarino); bi√≥logos; eles,,Mundial,Pandemia (confinamento); medidas sociais (pessoas jovens deveriam contrair a imunidade de rebanho por meio do cont√°gio coletivo); vacinas (picadas de abelha); debate politizado sobre hidroxicloroquina; censura a v√≠deos; narrativas de tiranos; agenda da televis√£o,"Controle populacional; Medidas sociais t√™m potencial de causar mais mortes que a doen√ßa (depress√£o, alcoolismo; p√¢nico; suic√≠dios); impor lei marcial; lucro (com vacinas) ; Artigo do The Lancet contra a hidroxicloroquina era fraude"
187,https://www.youtube.com/watch?v=NokGMY3Q61E,verdadeoculta,Filmadoras dentro das casas,Nova Ordem Mundial,Eles; empresas de televis√£o; grandes formadores de opini√£o do Brasil; China (os que est√£o por detr√°s); m√≠dia principal brasileira (boiadeiros que comandam o gado),,Mundial,Agenda Global; parceria de televis√µes com a China; Big Brother (alus√£o ao livro 1984); controle populacional; instala√ß√£o de c√¢meras de monitoramento da quarentena em frente ou dentro das casas das pessoas por autoridades chinesas,Projeto Futuro Breve; perda de privacidade das pessoas; submiss√£o das pessoas
188,https://www.youtube.com/watch?v=74WtqyB2EhM,Verdade Mundial,ALERTA: O MUNDO VAI PARAR | Live üìç,Nova Ordem Mundial,"Pessoas com dinheiro, empres√°rios; governo oculto; Estados Unidos",22 e 23 de junho de 2020,Mundial,Morte misteriosa de 350 elefantes; for√ßando trabalhadores a trabalharem em condi√ß√µes inadequadas; uso indevido de aux√≠lio emergencial; grande reset; gera√ß√£o Z seria a √∫ltima do alfabeto; pai e filha visualizaram luzes estranhas no c√©u; vacinas; acobertamento do governo americano com os discos voadores; Jesus era um alien (o ovni de Bel√©m); 5G,Ondas eletromagn√©ticas interferem nos animais; dinheiro; manipula√ß√£o do ser humano; pessoas n√£o est√£o preparadas para o contato em massa; pessoas n√£o se entregam √†s provas milenares de que existe um contato (com alien√≠genas) acontecendo h√° muito tempo; adicionar algo ao nosso sistema imunol√≥gico; o governo americano algo muito maior vai acontecer; a Nasaresolveu estudar o Santo Sud√°rio
189,https://www.youtube.com/watch?v=-dr81tWcF3s,Jemima Gomes,C0M0 SER√Å 0 N0V0 MUND0 DELES!,Nova Ordem Mundial,Eles; F√≥rum Econ√¥mico Mundial; ONU; elite terr√≠vel,2030,Mundial,Grande reset; implantar o modelo comunista; 17 passos da Agenda 2030; ODS da ONU; transumanismo; introduzir o biogel da DARPA; intelig√™ncia artificial; marca da besta; uso de celebridades como Leonardo DiCaprio para conseguir influ√™ncia,N√£o permitir que tudo volte ao normal; monop√≥lio sobre atividades comerciais; rein√≠cio de todo o sistema; transformar o ser humano em uma m√°quina; mudar o DNA humano para implantar um sensor para interagir com tecnologia; mudan√ßa no sistema
190,https://www.youtube.com/watch?v=VP2AAhNa8AM,verdadeoculta,Quando a verdade √© considerada fake news,Nova Ordem Mundial,Deputados de S√£o Paulo; jornalistas formados; eles; emissoras; ag√™ncias de not√≠cias; sistema; a m√≠dia,,Mundial,neutralizar as pessoas que v√™em o YouTube; punindo as pessoas que falam coisas que s√£o diferentes do que a m√≠dia fala; a m√≠dia reproduz fake news o tempo todo; multa para quem produzir e divulgar conte√∫dos falsos em meios virtuais (a multa √© maior para funcion√°rios p√∫blicos); leis; intelig√™ncia artificial,"Deixar s√≥ uma via de informa√ß√£o (a deles); blindar o governo; exercer o poder; a pol√≠cia do pensamento vai surgir, como no filme 1984"
191,https://www.youtube.com/watch?v=qm1Beu7QPRk,verdadeoculta,Os pobre e negros est√£o na linha de frente segundo os dominantes,Nova Ordem Mundial,Sistema; eles; elite; governo; m√≠dia convencional,,Mundial,Carros de pol√≠cia com reconhecimento facial; discriminar pessoas de pele negra; redu√ß√£o da quantidade de empregos; revolu√ß√£o 4.0,"Controle social; sistema n√£o gosta de negros; o emprego parte da necessidade do rico utilizar da m√£o de obra humana, alugando os pobres - isso n√£o ser√° mais necess√°rio por causa dos rob√¥s; entrega da soberania brasileira"
192,https://www.youtube.com/watch?v=UEDMHs68k_g,Firmeza da Verdade,"DECIFRANDO a NOVA CAPA da ""THE ECONOMIST"": Mensagens Subliminares da Elite para o MUNDO!",Nova Ordem Mundial,Revista The Economist; Elite; os donos; ONU; eles; Hillary Clinton,,Mundial,Caix√µes da FEMA; muitas cat√°strofes v√£o acontecer; desemprego em massa; a grande terceira guerra (3¬™ G) mundial; ONU quer acabar com os termos de marido e mulher (igualdade de g√™nero); vacinas de RNA; erup√ß√£o solar; 5G causar√° morte de p√°ssaros; pagar taxas para respirar; comer carne reciclada (pl√°stico); ODS,"A quarentena n√£o vai acabar; pessoas v√£o continuar ref√©ns do sistema; reset financeiro; usar as crian√ßas como fantoches do sistema por poder, gan√¢ncia e controle; eliminar as pessoas da Terra para ter um mundo mais limpo s√≥ para eles; fim do mundo"
193,https://www.youtube.com/watch?v=0JErcxlWo3g,Firmeza da Verdade,DESEMPREGO EM MASSA PROPOSITAL para SUBSTITUIR SERES HUMANOS por ROB√îS de INTELIG√äNCIA ARTIFICIAL,Nova Ordem Mundial,Eles; ex√©rcito; for√ßas armadas; Bolsonaro,2030,Mundial,Colapsos; desempregos em massa; aulas por videoconfer√™ncia; quarentena infinita; quebra da economia; queda da internet; 4¬™ revolu√ß√£o industrial; agenda 2030 da elite; Brasil vai receber a ira do criador; intelig√™ncia artificial; pragas do Apocalipse; coisas terr√≠veis vir√£o,Substituir as pessoas por rob√¥s de intelig√™ncia artificial; perda da liberdade; redu√ß√£o populacional; vontade do criador
194,https://www.youtube.com/watch?v=1zxGGi8ud4U,SA√öDE & BEM ESTAR,üî¥ SER√Å que os nossos CIENTISTAS est√£o mentindo para n√≥s? Saiba Nesse V√≠deo!!! COVID-19,Big Pharma,Cientistas comprados por dinheiro; NIH; NIAID,,Mundial,Coronav√≠rus foi criado em laborat√≥rio; vacinas; medicamentos caros,Dinheiro; lucro da ind√∫stria farmac√™utica 
195,https://www.youtube.com/watch?v=A4Ip74K9T_4,Dr. Uronal Zancan,DR. MOACIR ROSA: PROFISSIONAL QUE EST√Å MUDANDO A SA√öDE NO BRASIL,Big Pharma,Medicina e nutri√ß√£o tradicionais; associa√ß√µes m√©dicas; OMS,,Brasil,As faculdades de medicina e nutri√ß√£o trabalham com conceitos antigos e ensinam a medicina da doen√ßa; pessoas n√£o querem promover e ser a mudan√ßa; zona de conforto (medo de arriscar);suspens√£o de pesquisas com hidroxicloroquina porque o estudo observacional publicado na Lancet era muito ruim; ind√∫stria farmac√™utica √© muito poderosa,A nutri√ß√£o e a medicina tradicional est√£o atrasadas no Brasil; pessoas se alimentam de forma errada e dormem mal; as p√≠lulas m√°gicas s√£o da ind√∫stria da doen√ßa;
196,https://www.youtube.com/watch?v=HzF7c-PBN5k,verdadeoculta,Papa preocupado com inteligencia artificial,Nova Ordem Mundial,Eles; Papa Francisco,,Mundial,Papa Francisco pediu estudos sobre como levar mais √©tica para o desenvolvimento da intelig√™ncia artificial; reconhecimento facial; ex√©rcito de rob√¥s ajudando no combate ao coronav√≠rus e em m√©dicos,conseguir legitimidade; acabar com a popula√ß√£o; substitui√ß√£o de pessoas por rob√¥s; redu√ß√£o da popula√ß√£o
197,https://www.youtube.com/watch?v=EGm6EgTFiTo,verdadeoculta,Humanidade soffre outro attaq dos senhores do mundo,Nova Ordem Mundial,Eles; sistema; ONU; m√≠dia; cientistas; servos de satan√°s; agentes do dem√¥mio; illuminati,,Mundial,vazamento de lista com nomes de pacientes doentes; onda de calor na Sib√©ria (mudan√ßas clim√°ticas),manipula√ß√£o da m√≠dia; culpar os seres humanos